Product Name , Processor , Memory , OS , SSD , Dim  
Lenovo Ideapad 130 Core i3 7th Gen - (4 GB/1 TB HDD/Windows 10 Home) 130-15IKB Laptop,Intel Core i3 Processor (7th Gen),4 GB DDR4 RAM,64 bit Windows 10 Operating System,1 TB HDD,39.62 cm (15.6 inch) Display,Laptop,
HP 14q Core i3 7th Gen - (8 GB/256 GB SSD/Windows 10 Home) 14q-cs0023TU Thin and Light Laptop,Intel Core i3 Processor (7th Gen),8 GB DDR4 RAM,64 bit Windows 10 Operating System,256 GB SSD,35.56 cm (14 inch) Display,Laptop,
Dell Vostro 3000 Core i3 8th Gen - (4 GB/1 TB HDD/Linux) 3480 Laptop,Intel Core i3 Processor (8th Gen),4 GB DDR4 RAM,Linux/Ubuntu Operating System,1 TB HDD,35.56 cm (14 inch) Display,Laptop,
HP DA Core i3 7th Gen - (4 GB/1 TB HDD/Windows 10 Home) 15-DA0410TU Laptop,Intel Core i3 Processor (7th Gen),4 GB DDR4 RAM,64 bit Windows 10 Operating System,1 TB HDD,39.62 cm (15.6 inch) Display,Laptop,
Lenovo Ideapad 130 Core i3 7th Gen - (4 GB/1 TB HDD/Windows 10 Home) 130-15IKB Laptop,Intel Core i3 Processor (7th Gen),4 GB DDR4 RAM,64 bit Windows 10 Operating System,1 TB HDD,39.62 cm (15.6 inch) Display,Laptop,
MSI Core i7 9th Gen - (16 GB/1 TB SSD/Windows 10 Home/8 GB Graphics/NVIDIA Geforce RTX 2070 Max Q) GS6...,Intel Core i7 Processor (9th Gen),16 GB DDR4 RAM,64 bit Windows 10 Operating System,1 TB SSD,39.62 cm (15.6 inch) Display,Laptop,
Asus VivoBook Gaming Core i5 9th Gen - (8 GB + 32 GB Optane/512 GB SSD/Windows 10 Home/4 GB Graphics/N...,Intel Core i5 Processor (9th Gen),8 GB DDR4 RAM,64 bit Windows 10 Operating System,512 GB SSD,39.62 cm (15.6 inch) Display,Laptop,
Acer Predator Helios 300 Core i7 9th Gen - (16 GB/2 TB HDD/256 GB SSD/Windows 10 Home/6 GB Graphics/NV...,Intel Core i7 Processor (9th Gen),16 GB DDR4 RAM,64 bit Windows 10 Operating System,2 TB HDD|256 GB SSD,43.94 cm (17.3 inch) Display,Laptop,
Lenovo Ideapad 130 Core i5 8th Gen - (8 GB/1 TB HDD/Windows 10 Home/2 GB Graphics) 130-15IKB Laptop,Intel Core i5 Processor (8th Gen),8 GB DDR4 RAM,64 bit Windows 10 Operating System,1 TB HDD,39.62 cm (15.6 inch) Display,Laptop,
Lenovo Ideapad 130 Core i3 7th Gen - (4 GB/1 TB HDD/Windows 10 Home) 130-14IKB Laptop,Intel Core i3 Processor (7th Gen),4 GB DDR4 RAM,64 bit Windows 10 Operating System,1 TB HDD,35.56 cm (14 inch) Display,Laptop,
Apple MacBook Air Core i5 5th Gen - (8 GB/128 GB SSD/Mac OS Sierra) MQD32HN/A A1466,Intel Core i5 Processor (5th Gen),8 GB DDR3 RAM,64 bit Mac OS Operating System,128 GB SSD,33.78 cm (13.3 inch) Display,Laptop,
HP 14q Core i5 8th Gen - (8 GB/1 TB HDD/Windows 10 Home) 14q-cs0017tu Thin and Light Laptop,Intel Core i5 Processor (8th Gen),8 GB DDR4 RAM,64 bit Windows 10 Operating System,1 TB HDD,35.56 cm (14 inch) Display,Laptop,
HP 15 Ryzen 3 Dual Core - (4 GB/1 TB HDD/Windows 10 Home) 15-db1069AU Laptop,AMD Ryzen 3 Dual Core Processor,4 GB DDR4 RAM,64 bit Windows 10 Operating System,1 TB HDD,39.62 cm (15.6 inch) Display,Laptop,
Lenovo Ideapad S145 Core i5 8th Gen - (8 GB/1 TB HDD/256 GB SSD/Windows 10 Home) S145-15IWL Thin and L...,Intel Core i5 Processor (8th Gen),8 GB DDR4 RAM,64 bit Windows 10 Operating System,1 TB HDD|256 GB SSD,39.62 cm (15.6 inch) Display,Laptop,
MSI Modern 14 Core i5 10th Gen - (8 GB/512 GB SSD/Windows 10 Home) A10M-652IN Thin and Light Laptop,Intel Core i5 Processor (10th Gen),8 GB DDR4 RAM,64 bit Windows 10 Operating System,512 GB SSD,35.56 cm (14 inch) Display,Laptop,
Acer Aspire 5 Core i3 8th Gen - (4 GB/1 TB HDD/Windows 10 Home) A515-52 Laptop,Intel Core i3 Processor (8th Gen),4 GB DDR4 RAM,64 bit Windows 10 Operating System,1 TB HDD,39.62 cm (15.6 inch) Display,Laptop,
Lenovo Ideapad 130 APU Dual Core A6 - (4 GB/1 TB HDD/Windows 10 Home) 130-15AST Laptop,AMD APU Dual Core A6 Processor,4 GB DDR4 RAM,64 bit Windows 10 Operating System,1 TB HDD,39.62 cm (15.6 inch) Display,Laptop,
Lenovo Ideapad 330 Celeron Dual Core - (4 GB/1 TB HDD/Windows 10 Home) 330-15IKB Laptop,Intel Celeron Dual Core Processor,4 GB DDR4 RAM,64 bit Windows 10 Operating System,1 TB HDD,39.62 cm (15.6 inch) Display,Laptop,
Lenovo Ideapad 330 Core i3 7th Gen - (8 GB/1 TB HDD/Windows 10 Home) 330-15IKB Laptop,Intel Core i3 Processor (7th Gen),8 GB DDR4 RAM,64 bit Windows 10 Operating System,1 TB HDD,39.62 cm (15.6 inch) Display,Laptop,
HP Pavilion 15-EC Ryzen 5 Quad Core - (8 GB/1 TB HDD/128 GB SSD/Windows 10 Home/4 GB Graphics/NVIDIA G...,AMD Ryzen 5 Quad Core Processor,8 GB DDR4 RAM,64 bit Windows 10 Operating System,1 TB HDD|128 GB SSD,39.62 cm (15.6 inch) Display,Laptop,
Acer Nitro 5 Core i7 9th Gen - (8 GB/1 TB HDD/256 GB SSD/Windows 10 Home/4 GB Graphics/NVIDIA Geforce ...,Intel Core i7 Processor (9th Gen),8 GB DDR4 RAM,64 bit Windows 10 Operating System,1 TB HDD|256 GB SSD,39.62 cm (15.6 inch) Display,Laptop,
HP Pavilion x360 Core i3 8th Gen - (4 GB/256 GB SSD/Windows 10 Home) 14-dh0107TU 2 in 1 Laptop,Intel Core i3 Processor (8th Gen),4 GB DDR4 RAM,64 bit Windows 10 Operating System,256 GB SSD,35.56 cm (14 inch) Touchscreen Display,Laptop,
Lenovo Core i7 8th Gen - (8 GB/1 TB HDD/Windows 10 Home/2 GB Graphics) L340-15IWL Laptop,Intel Core i7 Processor (8th Gen),8 GB DDR4 RAM,64 bit Windows 10 Operating System,1 TB HDD,39.62 cm (15.6 inch) Display,Laptop,
Lenovo Ideapad 130 Core i3 7th Gen - (4 GB/1 TB HDD/Windows 10 Home) 130-15IKB Laptop,Intel Core i3 Processor (7th Gen),4 GB DDR4 RAM,64 bit Windows 10 Operating System,1 TB HDD,39.62 cm (15.6 inch) Display,Laptop,
HP 14q Core i3 7th Gen - (8 GB/256 GB SSD/Windows 10 Home) 14q-cs0023TU Thin and Light Laptop,Intel Core i3 Processor (7th Gen),8 GB DDR4 RAM,64 bit Windows 10 Operating System,256 GB SSD,35.56 cm (14 inch) Display,Laptop,
Dell Vostro 3000 Core i3 8th Gen - (4 GB/1 TB HDD/Linux) 3480 Laptop,Intel Core i3 Processor (8th Gen),4 GB DDR4 RAM,Linux/Ubuntu Operating System,1 TB HDD,35.56 cm (14 inch) Display,Laptop,
HP DA Core i3 7th Gen - (4 GB/1 TB HDD/Windows 10 Home) 15-DA0410TU Laptop,Intel Core i3 Processor (7th Gen),4 GB DDR4 RAM,64 bit Windows 10 Operating System,1 TB HDD,39.62 cm (15.6 inch) Display,Laptop,
Lenovo Ideapad 130 Core i3 7th Gen - (4 GB/1 TB HDD/Windows 10 Home) 130-15IKB Laptop,Intel Core i3 Processor (7th Gen),4 GB DDR4 RAM,64 bit Windows 10 Operating System,1 TB HDD,39.62 cm (15.6 inch) Display,Laptop,
MSI Core i7 9th Gen - (16 GB/1 TB SSD/Windows 10 Home/8 GB Graphics/NVIDIA Geforce RTX 2070 Max Q) GS6...,Intel Core i7 Processor (9th Gen),16 GB DDR4 RAM,64 bit Windows 10 Operating System,1 TB SSD,39.62 cm (15.6 inch) Display,Laptop,
Asus VivoBook Gaming Core i5 9th Gen - (8 GB + 32 GB Optane/512 GB SSD/Windows 10 Home/4 GB Graphics/N...,Intel Core i5 Processor (9th Gen),8 GB DDR4 RAM,64 bit Windows 10 Operating System,512 GB SSD,39.62 cm (15.6 inch) Display,Laptop,
Acer Predator Helios 300 Core i7 9th Gen - (16 GB/2 TB HDD/256 GB SSD/Windows 10 Home/6 GB Graphics/NV...,Intel Core i7 Processor (9th Gen),16 GB DDR4 RAM,64 bit Windows 10 Operating System,2 TB HDD|256 GB SSD,43.94 cm (17.3 inch) Display,Laptop,
Lenovo Ideapad 130 Core i5 8th Gen - (8 GB/1 TB HDD/Windows 10 Home/2 GB Graphics) 130-15IKB Laptop,Intel Core i5 Processor (8th Gen),8 GB DDR4 RAM,64 bit Windows 10 Operating System,1 TB HDD,39.62 cm (15.6 inch) Display,Laptop,
Lenovo Ideapad 130 Core i3 7th Gen - (4 GB/1 TB HDD/Windows 10 Home) 130-14IKB Laptop,Intel Core i3 Processor (7th Gen),4 GB DDR4 RAM,64 bit Windows 10 Operating System,1 TB HDD,35.56 cm (14 inch) Display,Laptop,
Apple MacBook Air Core i5 5th Gen - (8 GB/128 GB SSD/Mac OS Sierra) MQD32HN/A A1466,Intel Core i5 Processor (5th Gen),8 GB DDR3 RAM,64 bit Mac OS Operating System,128 GB SSD,33.78 cm (13.3 inch) Display,Laptop,
HP 14q Core i5 8th Gen - (8 GB/1 TB HDD/Windows 10 Home) 14q-cs0017tu Thin and Light Laptop,Intel Core i5 Processor (8th Gen),8 GB DDR4 RAM,64 bit Windows 10 Operating System,1 TB HDD,35.56 cm (14 inch) Display,Laptop,
HP 15 Ryzen 3 Dual Core - (4 GB/1 TB HDD/Windows 10 Home) 15-db1069AU Laptop,AMD Ryzen 3 Dual Core Processor,4 GB DDR4 RAM,64 bit Windows 10 Operating System,1 TB HDD,39.62 cm (15.6 inch) Display,Laptop,
Lenovo Ideapad S145 Core i5 8th Gen - (8 GB/1 TB HDD/256 GB SSD/Windows 10 Home) S145-15IWL Thin and L...,Intel Core i5 Processor (8th Gen),8 GB DDR4 RAM,64 bit Windows 10 Operating System,1 TB HDD|256 GB SSD,39.62 cm (15.6 inch) Display,Laptop,
MSI Modern 14 Core i5 10th Gen - (8 GB/512 GB SSD/Windows 10 Home) A10M-652IN Thin and Light Laptop,Intel Core i5 Processor (10th Gen),8 GB DDR4 RAM,64 bit Windows 10 Operating System,512 GB SSD,35.56 cm (14 inch) Display,Laptop,
Acer Aspire 5 Core i3 8th Gen - (4 GB/1 TB HDD/Windows 10 Home) A515-52 Laptop,Intel Core i3 Processor (8th Gen),4 GB DDR4 RAM,64 bit Windows 10 Operating System,1 TB HDD,39.62 cm (15.6 inch) Display,Laptop,
Lenovo Ideapad 130 APU Dual Core A6 - (4 GB/1 TB HDD/Windows 10 Home) 130-15AST Laptop,AMD APU Dual Core A6 Processor,4 GB DDR4 RAM,64 bit Windows 10 Operating System,1 TB HDD,39.62 cm (15.6 inch) Display,Laptop,
Lenovo Ideapad 330 Celeron Dual Core - (4 GB/1 TB HDD/Windows 10 Home) 330-15IKB Laptop,Intel Celeron Dual Core Processor,4 GB DDR4 RAM,64 bit Windows 10 Operating System,1 TB HDD,39.62 cm (15.6 inch) Display,Laptop,
Lenovo Ideapad 330 Core i3 7th Gen - (8 GB/1 TB HDD/Windows 10 Home) 330-15IKB Laptop,Intel Core i3 Processor (7th Gen),8 GB DDR4 RAM,64 bit Windows 10 Operating System,1 TB HDD,39.62 cm (15.6 inch) Display,Laptop,
HP Pavilion 15-EC Ryzen 5 Quad Core - (8 GB/1 TB HDD/128 GB SSD/Windows 10 Home/4 GB Graphics/NVIDIA G...,AMD Ryzen 5 Quad Core Processor,8 GB DDR4 RAM,64 bit Windows 10 Operating System,1 TB HDD|128 GB SSD,39.62 cm (15.6 inch) Display,Laptop,
Acer Nitro 5 Core i7 9th Gen - (8 GB/1 TB HDD/256 GB SSD/Windows 10 Home/4 GB Graphics/NVIDIA Geforce ...,Intel Core i7 Processor (9th Gen),8 GB DDR4 RAM,64 bit Windows 10 Operating System,1 TB HDD|256 GB SSD,39.62 cm (15.6 inch) Display,Laptop,
HP Pavilion x360 Core i3 8th Gen - (4 GB/256 GB SSD/Windows 10 Home) 14-dh0107TU 2 in 1 Laptop,Intel Core i3 Processor (8th Gen),4 GB DDR4 RAM,64 bit Windows 10 Operating System,256 GB SSD,35.56 cm (14 inch) Touchscreen Display,Laptop,
Lenovo Core i7 8th Gen - (8 GB/1 TB HDD/Windows 10 Home/2 GB Graphics) L340-15IWL Laptop,Intel Core i7 Processor (8th Gen),8 GB DDR4 RAM,64 bit Windows 10 Operating System,1 TB HDD,39.62 cm (15.6 inch) Display,Laptop,
Acer Swift 3 Core i5 8th Gen - (8 GB/512 GB SSD/Windows 10 Home/2 GB Graphics) SF314-55G Thin and Ligh...,Intel Core i5 Processor (8th Gen),8 GB DDR4 RAM,64 bit Windows 10 Operating System,512 GB SSD,35.56 cm (14 inch) Display,Laptop,
HP Pavilion Core i5 10th Gen - (8 GB/1 TB HDD/256 GB SSD/Windows 10/2 GB Graphics) 15-cs3006tx Laptop,Intel Core i5 Processor (10th Gen),8 GB DDR4 RAM,64 bit Windows 10 Operating System,1 TB HDD|256 GB SSD,39.62 cm (15.6 inch) Display,Laptop,
Acer Predator Helios 300 Core i5 9th Gen - (16 GB/1 TB HDD/256 GB SSD/Windows 10 Home/6 GB Graphics/NV...,Intel Core i5 Processor (9th Gen),16 GB DDR4 RAM,64 bit Windows 10 Operating System,1 TB HDD|256 GB SSD,43.94 cm (17.3 inch) Display,Laptop,
Acer Predator Triton 300 Core i5 9th Gen - (8 GB/1 TB HDD/256 GB SSD/Windows 10 Home/4 GB Graphics/NVI...,Intel Core i5 Processor (9th Gen),8 GB DDR4 RAM,64 bit Windows 10 Operating System,1 TB HDD|256 GB SSD,39.62 cm (15.6 inch) Display,Laptop,
Asus VivoBook S14 Core i7 8th Gen - (8 GB/1 TB HDD/256 GB SSD/Windows 10 Home/2 GB Graphics) S430FN-EB...,Intel Core i7 Processor (8th Gen),8 GB DDR4 RAM,64 bit Windows 10 Operating System,1 TB HDD|256 GB SSD,35.56 cm (14 inch) Display,Laptop,
Asus VivoBook S Series Core i5 8th Gen - (8 GB/1 TB HDD/256 GB SSD/Windows 10 Home) S430FA-EB006T Thin...,Intel Core i5 Processor (8th Gen),8 GB DDR4 RAM,64 bit Windows 10 Operating System,1 TB HDD|256 GB SSD,35.56 cm (14 inch) Display,Laptop,
Asus ROG Strix G Core i7 9th Gen - (16 GB/1 TB HDD/256 GB SSD/Windows 10 Home/4 GB Graphics/NVIDIA Gef...,Intel Core i7 Processor (9th Gen),16 GB DDR4 RAM,64 bit Windows 10 Operating System,1 TB HDD|256 GB SSD,39.62 cm (15.6 inch) Display,Laptop,
Lenovo Ideapad 130 Core i5 8th Gen - (8 GB/1 TB HDD/DOS/2 GB Graphics) 130-15IKB Laptop,Intel Core i5 Processor (8th Gen),8 GB DDR4 RAM,DOS Operating System,1 TB HDD,39.62 cm (15.6 inch) Display,Laptop,
Lenovo Ideapad 320E Core i3 6th Gen - (4 GB/1 TB HDD/DOS) 320-14ISK Laptop,Intel Core i3 Processor (6th Gen),4 GB DDR4 RAM,DOS Operating System,1 TB HDD,35.56 cm (14 inch) Display,Laptop,
Asus ROG Strix G Core i7 9th Gen - (8 GB/512 GB SSD/Windows 10 Home/4 GB Graphics/NVIDIA Geforce GTX 1...,Intel Core i7 Processor (9th Gen),8 GB DDR4 RAM,64 bit Windows 10 Operating System,512 GB SSD,39.62 cm (15.6 inch) Display,Laptop,
Avita Liber Core i5 8th Gen - (8 GB/256 GB SSD/Windows 10 Home) NS14A2IN198P Thin and Light Laptop,Intel Core i5 Processor (8th Gen),8 GB DDR4 RAM,64 bit Windows 10 Operating System,256 GB SSD,35.56 cm (14 inch) Display,Laptop,
Acer NITRO 5 Core i5 9th Gen - (8 GB/2 TB HDD/256 GB SSD/Windows 10 Home/6 GB Graphics/NVIDIA Geforce ...,Intel Core i5 Processor (9th Gen),8 GB DDR4 RAM,64 bit Windows 10 Operating System,2 TB HDD|256 GB SSD,39.62 cm (15.6 inch) Display,Laptop,
Acer Nitro 5 Ryzen 5 Quad Core - (8 GB/1 TB HDD/256 GB SSD/Windows 10 Home/4 GB Graphics/AMD Radeon RX...,AMD Ryzen 5 Quad Core Processor,8 GB DDR4 RAM,64 bit Windows 10 Operating System,1 TB HDD|256 GB SSD,39.62 cm (15.6 inch) Display,Laptop,
Lenovo Ideapad 130 Core i3 7th Gen - (4 GB/1 TB HDD/DOS/2 GB Graphics) 130-15IKB Laptop,Intel Core i3 Processor (7th Gen),4 GB DDR4 RAM,DOS Operating System,1 TB HDD,39.62 cm (15.6 inch) Display,Laptop,
Lenovo Ideapad 130 Core i3 7th Gen - (4 GB/1 TB HDD/DOS) 130-15IKB Laptop,Intel Core i3 Processor (7th Gen),4 GB DDR4 RAM,DOS Operating System,1 TB HDD,39.62 cm (15.6 inch) Display,Laptop,
Asus VivoBook 14 APU Quad Core A12 - (8 GB/512 GB SSD/Windows 10 Home) X411QA-EK201T Thin and Light La...,AMD APU Quad Core A12 Processor,8 GB DDR4 RAM,64 bit Windows 10 Operating System,512 GB SSD,35.56 cm (14 inch) Display,Laptop,
Acer NITRO 5 Core i5 9th Gen - (8 GB/1 TB HDD/Windows 10 Home/3 GB Graphics/NVIDIA Geforce GTX 1050) A...,Intel Core i5 Processor (9th Gen),8 GB DDR4 RAM,64 bit Windows 10 Operating System,1 TB HDD,39.62 cm (15.6 inch) Display,Laptop,
Asus VivoBook S14 Core i7 8th Gen - (8 GB/1 TB HDD/256 GB SSD/Windows 10 Home/2 GB Graphics) S430FN-EB...,Intel Core i7 Processor (8th Gen),8 GB DDR4 RAM,64 bit Windows 10 Operating System,1 TB HDD|256 GB SSD,35.56 cm (14 inch) Display,Laptop,
HP Pavilion Core i5 8th Gen - (8 GB/512 GB SSD/Windows 10 Home/2 GB Graphics) 14-ce1073TX Laptop,Intel Core i5 Processor (8th Gen),8 GB DDR4 RAM,64 bit Windows 10 Operating System,512 GB SSD,35.56 cm (14 inch) Display,Laptop,
HP 15s Ryzen 3 Dual Core - (4 GB/256 GB SSD/Windows 10 Home) 15s-eq0007AU Thin and Light Laptop,Intel Ryzen 3 Dual Core Processor,4 GB DDR4 RAM,64 bit Windows 10 Operating System,256 GB SSD,39.62 cm (15.6 inch) Display,Laptop,
HP Pavilion Core i5 8th Gen - (8 GB/1 TB HDD/256 GB SSD/Windows 10 Home/2 GB Graphics) 14-ce2064TX Lap...,Intel Core i5 Processor (8th Gen),8 GB DDR4 RAM,64 bit Windows 10 Operating System,1 TB HDD|256 GB SSD,35.56 cm (14 inch) Display,Laptop,
MSI Core i7 9th Gen - (16 GB/1 TB HDD/1 TB SSD/Windows 10 Home/8 GB Graphics/NVIDIA Geforce RTX 2080) ...,Intel Core i7 Processor (9th Gen),16 GB DDR4 RAM,64 bit Windows 10 Operating System,1 TB HDD|1 TB SSD,43.94 cm (17.3 inch) Display,Laptop,
Asus VivoBook 14 Ryzen 5 Quad Core 2nd Gen - (8 GB/512 GB SSD/Windows 10 Home) X412DA-EK502T Thin and ...,AMD Ryzen 5 Quad Core Processor (2nd Gen),8 GB DDR4 RAM,64 bit Windows 10 Operating System,512 GB SSD,35.56 cm (14 inch) Display,Laptop,
Acer Aspire 5 Core i5 8th Gen - (8 GB/512 GB SSD/Windows 10 Home/2 GB Graphics) A515-54G Thin and Ligh...,Intel Core i5 Processor (8th Gen),8 GB DDR4 RAM,64 bit Windows 10 Operating System,512 GB SSD,39.62 cm (15.6 inch) Display,Laptop,
Asus Ryzen 5 Quad Core - (8 GB/1 TB HDD/Windows 10 Home) M509DA-EJ581T Laptop,AMD Ryzen 5 Quad Core Processor,8 GB DDR4 RAM,64 bit Windows 10 Operating System,1 TB HDD,39.62 cm (15.6 inch) Display,Laptop,
HP Notebook Core i3 8th Gen - (4 GB/1 TB HDD/Windows 10) 15s-du0120tu Laptop,Intel Core i3 Processor (8th Gen),4 GB DDR4 RAM,64 bit Windows 10 Operating System,1 TB HDD,38.1 cm (15 inch) Display,Laptop,
Lenovo Ideapad 330 Core i3 7th Gen - (4 GB/1 TB HDD/DOS) 330-15IKB Laptop,Intel Core i3 Processor (7th Gen),4 GB DDR4 RAM,DOS Operating System,1 TB HDD,39.62 cm (15.6 inch) Display,Laptop,
Asus VivoBook 14 Ryzen 5 Quad Core 2nd Gen - (8 GB/512 GB SSD/Windows 10 Home) X412DA-EK501T Thin and ...,AMD Ryzen 5 Quad Core Processor (2nd Gen),8 GB DDR4 RAM,64 bit Windows 10 Operating System,512 GB SSD,35.56 cm (14 inch) Display,Laptop,
Acer Predator Triton 700 Core i7 7th Gen - (16 GB/1 TB SSD/Windows 10 Home/6 GB Graphics/NVIDIA Geforc...,Intel Core i7 Processor (7th Gen),16 GB DDR4 RAM,64 bit Windows 10 Operating System,1 TB SSD,39.62 cm (15.6 inch) Display,Laptop,
HP 15q Core i3 7th Gen - (4 GB/1 TB HDD/Windows 10 Home) 15q-ds0007TU Laptop,Intel Core i3 Processor (7th Gen),4 GB DDR4 RAM,64 bit Windows 10 Operating System,1 TB HDD,39.62 cm (15.6 inch) Display,Laptop,
Asus VivoBook 15 Core i3 8th Gen - (4 GB/256 GB SSD/Windows 10 Home) X512FA-EJ550T Laptop,Intel Core i3 Processor (8th Gen),4 GB DDR4 RAM,64 bit Windows 10 Operating System,256 GB SSD,39.62 cm (15.6 inch) Display,Laptop,
Dell Vostro 3000 Core i3 7th Gen - (4 GB/1 TB HDD/Windows 10 Home) 3581 Laptop,Intel Core i3 Processor (7th Gen),4 GB DDR4 RAM,64 bit Windows 10 Operating System,1 TB HDD,39.62 cm (15.6 inch) Display,Laptop,
Asus VivoBook S Series Core i5 8th Gen - (8 GB/1 TB HDD/256 GB SSD/Windows 10 Home) S430FA-EB031T Thin...,Intel Core i5 Processor (8th Gen),8 GB DDR4 RAM,64 bit Windows 10 Operating System,1 TB HDD|256 GB SSD,35.56 cm (14 inch) Display,Laptop,
Lenovo Ideapad S145 Core i5 10th Gen - (8 GB/512 GB SSD/Windows 10 Home) S145-15IIL Laptop,Intel Core i5 Processor (10th Gen),8 GB DDR4 RAM,64 bit Windows 10 Operating System,512 GB SSD,39.62 cm (15.6 inch) Display,Laptop,
Asus VivoBook 14 Core i5 8th Gen - (8 GB/512 GB SSD/Windows 10 Home) X412FA-EK230T Thin and Light Lapt...,Intel Core i5 Processor (8th Gen),8 GB DDR4 RAM,64 bit Windows 10 Operating System,512 GB SSD,35.56 cm (14 inch) Display,Laptop,
HP Envy 13 Core i5 10th Gen - (8 GB + 32 GB Optane/512 GB SSD/Windows 10 Home/2 GB Graphics) 13-aq1019...,Intel Core i5 Processor (10th Gen),8 GB DDR4 RAM,64 bit Windows 10 Operating System,512 GB SSD,33.78 cm (13.3 inch) Touchscreen Display,Laptop,
Asus ROG Strix G Core i7 9th Gen - (16 GB/512 GB SSD/Windows 10 Home/4 GB Graphics/NVIDIA Geforce GTX ...,Intel Core i7 Processor (9th Gen),16 GB DDR4 RAM,64 bit Windows 10 Operating System,512 GB SSD,39.62 cm (15.6 inch) Display,Laptop,
Lenovo Ideapad 330 Core i3 7th Gen - (8 GB/1 TB HDD/Windows 10 Home) 81delenovo ideapad 330-15ikb u La...,Intel Core i3 Processor (7th Gen),8 GB DDR4 RAM,64 bit Windows 10 Operating System,1 TB HDD,39.62 cm (15.6 inch) Display,Laptop,
Asus VivoBook 14 APU Quad Core A12 - (8 GB/512 GB SSD/Windows 10 Home) X411QA-EK202T Thin and Light La...,AMD APU Quad Core A12 Processor,8 GB DDR4 RAM,64 bit Windows 10 Operating System,512 GB SSD,35.56 cm (14 inch) Display,Laptop,
Apple MacBook Pro Core i5 8th Gen - (8 GB/256 GB SSD/Mac OS Mojave) MV992HN,Intel Core i5 Processor (8th Gen),8 GB DDR3 RAM,Mac OS Operating System,256 GB SSD,33.78 cm (13.3 inch) Display,Laptop,
HP 15q Core i5 8th Gen - (8 GB/1 TB HDD/Windows 10 Home) 15q-ds1001TU Laptop,Intel Core i5 Processor (8th Gen),8 GB DDR4 RAM,64 bit Windows 10 Operating System,1 TB HDD,39.62 cm (15.6 inch) Display,Laptop,
Asus VivoBook 15 Core i3 8th Gen - (4 GB/256 GB SSD/Windows 10 Home) X512FA-EJ549T Laptop,Intel Core i3 Processor (8th Gen),4 GB DDR4 RAM,64 bit Windows 10 Operating System,256 GB SSD,39.62 cm (15.6 inch) Display,Laptop,
Avita Liber Core i5 8th Gen - (8 GB/256 GB SSD/Windows 10 Home) NS14A2IN214P Thin and Light Laptop,Intel Core i5 Processor (8th Gen),8 GB DDR4 RAM,64 bit Windows 10 Operating System,256 GB SSD,35.56 cm (14 inch) Display,Laptop,
Lenovo Ideapad S340 Core i5 8th Gen - (8 GB/512 GB SSD/Windows 10 Home/2 GB Graphics) S340 Thin and Li...,Intel Core i5 Processor (8th Gen),8 GB DDR4 RAM,64 bit Windows 10 Operating System,512 GB SSD,39.62 cm (15.6 inch) Display,Laptop,
Asus ROG Strix Core i5 9th Gen - (8 GB/512 GB SSD/Windows 10 Home/4 GB Graphics/NVIDIA Geforce GTX 105...,Intel Core i5 Processor (9th Gen),8 GB DDR4 RAM,64 bit Windows 10 Operating System,512 GB SSD,39.62 cm (15.6 inch) Display,Laptop,
Acer Predator Helios 300 Core i7 9th Gen - (16 GB/1 TB HDD/256 GB SSD/Windows 10 Home/6 GB Graphics/NV...,Intel Core i7 Processor (9th Gen),16 GB DDR4 RAM,64 bit Windows 10 Operating System,1 TB HDD|256 GB SSD,39.62 cm (15.6 inch) Display,Laptop,
Dell Inspiron 7000 Core i7 9th Gen - (16 GB/512 GB SSD/Windows 10 Home/6 GB Graphics/NVIDIA Geforce RT...,Intel Core i7 Processor (9th Gen),16 GB DDR4 RAM,64 bit Windows 10 Operating System,512 GB SSD,39.62 cm (15.6 inch) Display,Laptop,
HP 15q APU Dual Core A6 - (4 GB/1 TB HDD/Windows 10 Home) 15q-dy0006AU Laptop,AMD APU Dual Core A6 Processor,4 GB DDR4 RAM,64 bit Windows 10 Operating System,1 TB HDD,39.62 cm (15.6 inch) Display,Laptop,
Lenovo Ideapad 330 Core i3 7th Gen - (4 GB + 16 GB Optane/1 TB HDD/Windows 10 Home/2 GB Graphics) 330-...,Intel Core i3 Processor (7th Gen),4 GB DDR4 RAM,64 bit Windows 10 Operating System,1 TB HDD,39.62 cm (15.6 inch) Display,Laptop,
Lenovo Ideapad S145 Core i3 8th Gen - (4 GB/1 TB HDD/Windows 10 Home) S145-15IWL Thin and Light Laptop,Intel Core i3 Processor (8th Gen),4 GB DDR4 RAM,64 bit Windows 10 Operating System,1 TB HDD,39.62 cm (15.6 inch) Display,Laptop,
Lenovo Yoga 730 Core i7 8th Gen - (8 GB/512 GB SSD/Windows 10 Home) 730-13IKB Thin and Light Laptop,Intel Core i7 Processor (8th Gen),8 GB DDR4 RAM,64 bit Windows 10 Operating System,512 GB SSD,33.78 cm (13.3 inch) Touchscreen Display,Laptop,
Dell G3 Series Core i5 8th Gen - (8 GB/1 TB HDD/128 GB SSD/Windows 10 Home/4 GB Graphics/NVIDIA Geforc...,Intel Core i5 Processor (8th Gen),8 GB DDR4 RAM,64 bit Windows 10 Operating System,1 TB HDD|128 GB SSD,39.62 cm (15.6 inch) Display,Laptop,
HP Pavilion 14-ce Core i5 10th Gen - (8 GB/512 GB SSD/Windows 10 Home) 14-ce3006TU Thin and Light Lapt...,Intel Core i5 Processor (10th Gen),8 GB DDR4 RAM,64 bit Windows 10 Operating System,512 GB SSD,35.56 cm (14 inch) Display,Laptop,
HP 15 Core i5 10th Gen - (4 GB/1 TB HDD/256 GB SSD/Windows 10 Home) 15-di2000tu Laptop,Intel Core i5 Processor (10th Gen),4 GB DDR4 RAM,64 bit Windows 10 Operating System,1 TB HDD|256 GB SSD,39.62 cm (15.6 inch) Display,Laptop,
Lenovo Ideapad S145 Pentium Dual Core - (4 GB/1 TB HDD/Windows 10 Home) S145-15IWL Laptop,Intel Pentium Dual Core Processor,4 GB DDR4 RAM,64 bit Windows 10 Operating System,1 TB HDD,39.62 cm (15.6 inch) Display,Laptop,
MSI Modern 14 Core i7 10th Gen - (8 GB/512 GB SSD/Windows 10 Home/2 GB Graphics) A10RB-651IN Thin and ...,Intel Core i7 Processor (10th Gen),8 GB DDR4 RAM,64 bit Windows 10 Operating System,512 GB SSD,35.56 cm (14 inch) Display,Laptop,
Asus VivoBook 15 Core i7 8th Gen - (8 GB/1 TB HDD/256 GB SSD/Windows 10 Home/2 GB Graphics) X512FL-EJ2...,Intel Core i7 Processor (8th Gen),8 GB DDR4 RAM,64 bit Windows 10 Operating System,1 TB HDD|256 GB SSD,39.62 cm (15.6 inch) Display,Laptop,
Acer Helios 300 Core i7 9th Gen - (16 GB/2 TB HDD/256 GB SSD/Windows 10 Home/8 GB Graphics/NVIDIA Gefo...,Intel Core i7 Processor (9th Gen),16 GB DDR4 RAM,64 bit Windows 10 Operating System,2 TB HDD|256 GB SSD,43.94 cm (17.3 inch) Display,Laptop,
Lenovo Ideapad S145 Ryzen 5 Quad Core - (8 GB/512 GB SSD/Windows 10 Home) S145-15API Laptop,AMD Ryzen 5 Quad Core Processor,8 GB DDR4 RAM,64 bit Windows 10 Operating System,512 GB SSD,39.62 cm (15.6 inch) Display,Laptop,
HP Envy 13 Core i5 10th Gen - (8 GB/256 GB SSD/Windows 10 Home) 13-aq1014TU Thin and Light Laptop,Intel Core i5 Processor (10th Gen),8 GB DDR4 RAM,64 bit Windows 10 Operating System,256 GB SSD,33.78 cm (13.3 inch) Touchscreen Display,Laptop,
Asus VivoBook 14 Core i5 8th Gen - (8 GB/512 GB SSD/Windows 10 Home/2 GB Graphics) X412FJ-EK178T Thin ...,Intel Core i5 Processor (8th Gen),8 GB DDR4 RAM,64 bit Windows 10 Operating System,512 GB SSD,35.56 cm (14 inch) Display,Laptop,
Dell Vostro 3000 Core i5 8th Gen - (8 GB/1 TB HDD/Windows 10 Home) 3480 Laptop,Intel Core i5 Processor (8th Gen),8 GB DDR4 RAM,64 bit Windows 10 Operating System,1 TB HDD,35.56 cm (14 inch) Display,Laptop,
HP Pavilion x360 Core i5 8th Gen - (8 GB/1 TB HDD/8 GB SSD/Windows 10 Home/2 GB Graphics) 14-cd0051TX ...,Intel Core i5 Processor (8th Gen),8 GB DDR4 RAM,64 bit Windows 10 Operating System,1 TB HDD|8 GB SSD,35.56 cm (14 inch) Touchscreen Display,Laptop,
Asus ZenBook Pro Duo Core i9 9th Gen - (32 GB/1 TB SSD/Windows 10 Home/6 GB Graphics) UX581GV-H9201T L...,Intel Core i9 Processor (9th Gen),32 GB DDR4 RAM,64 bit Windows 10 Operating System,1 TB SSD,39.62 cm (15.6 inch) Touchscreen Display,Laptop,
Avita Liber Core i5 7th Gen - (8 GB/256 GB SSD/Windows 10 Home) NS14A1IN008P Thin and Light Laptop,Intel Core i5 Processor (7th Gen),8 GB DDR3 RAM,64 bit Windows 10 Operating System,256 GB SSD,35.56 cm (14 inch) Display,Laptop,
Asus ZenBook 13 Core i5 8th Gen - (8 GB/256 GB SSD/Windows 10 Home) UX331UAL-EG001T Thin and Light Lap...,Intel Core i5 Processor (8th Gen),8 GB DDR3 RAM,64 bit Windows 10 Operating System,256 GB SSD,33.78 cm (13.3 inch) Display,Laptop,
Asus ROG Strix G Core i5 9th Gen - (8 GB/1 TB HDD/256 GB SSD/Windows 10 Home/4 GB Graphics/NVIDIA Gefo...,Intel Core i5 Processor (9th Gen),8 GB DDR4 RAM,64 bit Windows 10 Operating System,1 TB HDD|256 GB SSD,39.62 cm (15.6 inch) Display,Laptop,
Lenovo Ideapad S145 Core i3 10th Gen - (4 GB/256 GB SSD/Windows 10 Home) S145-15IIL Laptop,Intel Core i3 Processor (10th Gen),4 GB DDR4 RAM,64 bit Windows 10 Operating System,256 GB SSD,39.62 cm (15.6 inch) Display,Laptop,
Avita Liber Core i5 8th Gen - (8 GB/256 GB SSD/Windows 10 Home) NS14A2IN204P Thin and Light Laptop,Intel Core i5 Processor (8th Gen),8 GB DDR4 RAM,64 bit Windows 10 Operating System,256 GB SSD,35.56 cm (14 inch) Display,Laptop,
Asus VivoBook 15 APU Quad Core A12 - (8 GB/512 GB SSD/Windows 10 Home) X510QA-EJ201T Thin and Light La...,AMD APU Quad Core A12 Processor,8 GB DDR4 RAM,64 bit Windows 10 Operating System,512 GB SSD,39.62 cm (15.6 inch) Display,Laptop,
Apple MacBook Air Core i5 8th Gen - (8 GB/256 GB SSD/Mac OS Mojave) A1932,Intel Core i5 Processor (8th Gen),8 GB DDR3 RAM,Mac OS Operating System,256 GB SSD,33.78 cm (13.3 inch) Display,Laptop,
Apple MacBook Pro Core i5 8th Gen - (8 GB/512 GB SSD/Mac OS Mojave) MV972HN,Intel Core i5 Processor (8th Gen),8 GB DDR3 RAM,Mac OS Operating System,512 GB SSD,33.78 cm (13.3 inch) Display,Laptop,
MSI P Core i5 10th Gen - (8 GB/512 GB SSD/Windows 10 Home/2 GB Graphics) Prestige 14 A10RB-031IN Thin ...,Intel Core i5 Processor (10th Gen),8 GB DDR4 RAM,64 bit Windows 10 Operating System,512 GB SSD,35.56 cm (14 inch) Display,Laptop,
HP 15 Core i3 8th Gen - (8 GB/1 TB HDD/Windows 10 Home) 15-da0414tu Thin and Light Laptop,Intel Core i3 Processor (8th Gen),8 GB DDR4 RAM,64 bit Windows 10 Operating System,1 TB HDD,39.62 cm (15.6 inch) Display,Laptop,
HP 14q Core i3 7th Gen - (4 GB/1 TB HDD/DOS) 14q-cs0009TU Thin and Light Laptop,Intel Core i3 Processor (7th Gen),4 GB DDR4 RAM,DOS Operating System,1 TB HDD,35.56 cm (14 inch) Display,Laptop,
HP Pavilion Ryzen 7 Quad Core - (8 GB/1 TB HDD/128 GB SSD/Windows 10 Home/6 GB Graphics/NVIDIA Geforce...,AMD Ryzen 7 Quad Core Processor,8 GB DDR4 RAM,64 bit Windows 10 Operating System,1 TB HDD|128 GB SSD,39.62 cm (15.6 inch) Display,Laptop,
Microsoft Surface Core i5 7th Gen - (8 GB/128 GB SSD/Windows 10 S) 1769 Thin and Light Laptop,Intel Core i5 Processor (7th Gen),8 GB DDR3 RAM,64 bit Windows 10 Operating System,128 GB SSD,34.29 cm (13.5 inch) Touchscreen Display,Laptop,
Acer Swift 7 Core i5 7th Gen - (8 GB/256 GB SSD/Windows 10 Home) SF713-51 Thin and Light Laptop,Intel Core i5 Processor (7th Gen),8 GB DDR3 RAM,64 bit Windows 10 Operating System,256 GB SSD,33.78 cm (13.3 inch) Display,Laptop,
Asus Ryzen 5 Quad Core - (8 GB/1 TB HDD/Windows 10 Home) M509DA-EJ582T Laptop,AMD Ryzen 5 Quad Core Processor,8 GB DDR4 RAM,64 bit Windows 10 Operating System,1 TB HDD,39.62 cm (15.6 inch) Display,Laptop,
HP Spectre x360 Core i5 10th Gen - (8 GB/512 GB SSD/Windows 10 Home) 13-aw0204TU 2 in 1 Laptop,Intel Core i5 Processor (10th Gen),8 GB DDR4 RAM,64 bit Windows 10 Operating System,512 GB SSD,33.78 cm (13.3 inch) Touchscreen Display,Laptop,
HP 15 Celeron Dual Core - (4 GB/1 TB HDD/Windows 10 Home) 15-di0000TU Laptop,Intel Celeron Dual Core Processor,4 GB DDR4 RAM,64 bit Windows 10 Operating System,1 TB HDD,39.62 cm (15.6 inch) Display,Laptop,
Asus VivoBook S14 Core i5 8th Gen - (8 GB/1 TB HDD/256 GB SSD/Windows 10 Home) S410UA-EB666T Laptop,Intel Core i5 Processor (8th Gen),8 GB DDR4 RAM,64 bit Windows 10 Operating System,1 TB HDD|256 GB SSD,35.56 cm (14 inch) Display,Laptop,
Apple MacBook Pro Core i5 8th Gen - (8 GB/128 GB SSD/Mac OS Mojave) MUHN2HN/A,Intel Core i5 Processor (8th Gen),8 GB DDR3 RAM,Mac OS Operating System,128 GB SSD,33.78 cm (13.3 inch) Display,Laptop,
Nexstgo Core i5 8th Gen - (8 GB/256 GB SSD/Windows 10 Pro) NX101 Thin and Light Laptop,Intel Core i5 Processor (8th Gen),8 GB DDR4 RAM,64 bit Windows 10 Operating System,256 GB SSD,35.56 cm (14 inch) Display,Laptop,
Microsoft Surface Core i7 7th Gen - (8 GB/256 GB SSD/Windows 10 S) 1769 Thin and Light Laptop,Intel Core i7 Processor (7th Gen),8 GB DDR3 RAM,64 bit Windows 10 Operating System,256 GB SSD,34.29 cm (13.5 inch) Touchscreen Display,Laptop,
MSI P Core i7 9th Gen - (32 GB/1 TB SSD/Windows 10 Home/6 GB Graphics/NVIDIA Geforce RTX 2060) P65 Cre...,Intel Core i7 Processor (9th Gen),32 GB DDR4 RAM,64 bit Windows 10 Operating System,1 TB SSD,39.62 cm (15.6 inch) Display,Laptop,
Asus VivoBook S Series Core i5 8th Gen - (8 GB/1 TB HDD/256 GB SSD/Windows 10 Home) S430FA-EB039T Thin...,Intel Core i5 Processor (8th Gen),8 GB DDR4 RAM,64 bit Windows 10 Operating System,1 TB HDD|256 GB SSD,35.56 cm (14 inch) Display,Laptop,
Lenovo Ideapad S540 Core i5 8th Gen - (8 GB/512 GB SSD/Windows 10 Home/2 GB Graphics) S540-15IWL Lapto...,Intel Core i5 Processor (8th Gen),8 GB DDR4 RAM,64 bit Windows 10 Operating System,512 GB SSD,39.62 cm (15.6 inch) Display,Laptop,
MSI Core i7 9th Gen - (16 GB/512 GB SSD/Windows 10 Home/6 GB Graphics/NVIDIA Geforce RTX 2060) GS65 St...,Intel Core i7 Processor (9th Gen),16 GB DDR4 RAM,64 bit Windows 10 Operating System,512 GB SSD,39.62 cm (15.6 inch) Display,Laptop,
HP Spectre x360 Core i7 8th Gen - (16 GB/512 GB SSD/Windows 10 Pro) 13-ae503TU 2 in 1 Laptop,Intel Core i7 Processor (8th Gen),16 GB DDR3 RAM,64 bit Windows 10 Operating System,512 GB SSD,33.78 cm (13.3 inch) Touchscreen Display,Laptop,
Nexstgo Core i5 8th Gen - (16 GB/512 GB SSD/Windows 10 Pro) NX101 Thin and Light Laptop,Intel Core i5 Processor (8th Gen),16 GB DDR4 RAM,64 bit Windows 10 Operating System,512 GB SSD,35.56 cm (14 inch) Display,Laptop,
Acer NITRO 5 Core i7 9th Gen - (8 GB/1 TB HDD/256 GB SSD/Windows 10 Home/4 GB Graphics/NVIDIA Geforce ...,Intel Core i7 Processor (9th Gen),8 GB DDR4 RAM,64 bit Windows 10 Operating System,1 TB HDD|256 GB SSD,43.94 cm (17.3 inch) Display,Laptop,
Avita Liber Core i5 8th Gen - (8 GB/256 GB SSD/Windows 10 Home) NS14A2IN202P Thin and Light Laptop,Intel Core i5 Processor (8th Gen),8 GB DDR4 RAM,64 bit Windows 10 Operating System,256 GB SSD,35.56 cm (14 inch) Display,Laptop,
Acer Nitro 5 Core i7 8th Gen - (8 GB + 16 GB Optane/1 TB HDD/Windows 10 Home/4 GB Graphics/NVIDIA Gefo...,Intel Core i7 Processor (8th Gen),8 GB DDR4 RAM,64 bit Windows 10 Operating System,1 TB HDD,39.62 cm (15.6 inch) Display,Laptop,
HP Pavilion Core i7 9th Gen - (8 GB/1 TB HDD/256 GB SSD/Windows 10 Home/4 GB Graphics/NVIDIA Geforce G...,Intel Core i7 Processor (9th Gen),8 GB DDR4 RAM,64 bit Windows 10 Operating System,1 TB HDD|256 GB SSD,39.62 cm (15.6 inch) Display,Laptop,
HP Pavilion x360 Core i3 8th Gen - (4 GB/1 TB HDD/256 GB SSD/Windows 10 Home) 14-dh0047TU 2 in 1 Lapto...,Intel Core i3 Processor (8th Gen),4 GB DDR4 RAM,64 bit Windows 10 Operating System,1 TB HDD|256 GB SSD,35.56 cm (14 inch) Touchscreen Display,Laptop,
Dell Inspiron 13 5000 Series Core i3 7th Gen - (4 GB/1 TB HDD/Windows 10 Home) 5378 2 in 1 Laptop,Intel Core i3 Processor (7th Gen),4 GB DDR4 RAM,64 bit Windows 10 Operating System,1 TB HDD,33.78 cm (13.3 inch) Touchscreen Display,Laptop,
Acer Swift 3 Core i5 8th Gen - (8 GB/512 GB SSD/Windows 10 Home) SF313-51 Thin and Light Laptop,Intel Core i5 Processor (8th Gen),8 GB DDR4 RAM,64 bit Windows 10 Operating System,512 GB SSD,33.78 cm (13.3 inch) Display,Laptop,
Asus ZenBook 13 Core i5 8th Gen - (8 GB/256 GB SSD/Windows 10 Home) UX333FA-A4046T Thin and Light Lapt...,Intel Core i5 Processor (8th Gen),8 GB DDR3 RAM,64 bit Windows 10 Operating System,256 GB SSD,33.78 cm (13.3 inch) Display,Laptop,
Apple MacBook Air Core i5 8th Gen - (8 GB/256 GB SSD/Mac OS Mojave) MVFN2HN/A,Intel Core i5 Processor (8th Gen),8 GB DDR3 RAM,Mac OS Operating System,256 GB SSD,33.78 cm (13.3 inch) Display,Laptop,
Apple MacBook Pro Core i5 7th Gen - (8 GB/128 GB SSD/Mac OS Sierra) MPXQ2HN/A,Intel Core i5 Processor (7th Gen),8 GB DDR3 RAM,64 bit Mac OS Operating System,128 GB SSD,33.78 cm (13.3 inch) Display,Laptop,
Apple MacBook Air Core i5 8th Gen - (8 GB/128 GB SSD/Mac OS Mojave) MVFM2HN/A,Intel Core i5 Processor (8th Gen),8 GB DDR3 RAM,Mac OS Operating System,128 GB SSD,33.78 cm (13.3 inch) Display,Laptop,
Acer Nitro 5 Core i7 8th Gen - (8 GB + 16 GB Optane/1 TB HDD/Windows 10 Home/4 GB Graphics/NVIDIA Gefo...,Intel Core i7 Processor (8th Gen),8 GB DDR4 RAM,64 bit Windows 10 Operating System,1 TB HDD,39.62 cm (15.6 inch) Display,Laptop,
Microsoft Surface Book 2 Core i7 8th Gen - (8 GB/256 GB SSD/Windows 10 Pro/2 GB Graphics) 1832 2 in 1 ...,Intel Core i7 Processor (8th Gen),8 GB DDR3 RAM,64 bit Windows 10 Operating System,256 GB SSD,34.29 cm (13.5 inch) Touchscreen Display,Laptop,
Lenovo Ideapad 720S Core i5 8th Gen - (8 GB/512 GB SSD/Windows 10 Home) 720S-13IKB Thin and Light Lapt...,Intel Core i5 Processor (8th Gen),8 GB DDR4 RAM,64 bit Windows 10 Operating System,512 GB SSD,33.78 cm (13.3 inch) Display,Laptop,
Microsoft Surface Core i5 7th Gen - (8 GB/256 GB SSD/Windows 10 S) 1769 Thin and Light Laptop,Intel Core i5 Processor (7th Gen),8 GB DDR3 RAM,64 bit Windows 10 Operating System,256 GB SSD,34.29 cm (13.5 inch) Touchscreen Display,Laptop,
Asus ZenBook 13 Core i7 8th Gen - (8 GB/512 GB SSD/Windows 10 Home) UX333FA-A4115T Thin and Light Lapt...,Intel Core i7 Processor (8th Gen),8 GB DDR3 RAM,64 bit Windows 10 Operating System,512 GB SSD,33.78 cm (13.3 inch) Display,Laptop,
HP Envy 13 Core i3 8th Gen - (4 GB/128 GB SSD/Windows 10 Home) 13-ah0042tu Thin and Light Laptop,Intel Core i3 Processor (8th Gen),4 GB DDR3 RAM,64 bit Windows 10 Operating System,128 GB SSD,33.78 cm (13.3 inch) Display,Laptop,
Dell Inspiron 5000 Core i5 8th Gen - (8 GB/1 TB HDD/512 GB SSD/Windows 10 Home/2 GB Graphics) 5584 Lap...,Intel Core i5 Processor (8th Gen),8 GB DDR4 RAM,64 bit Windows 10 Operating System,1 TB HDD|512 GB SSD,39.62 cm (15.6 inch) Display,Laptop,
Avita Liber Core i5 8th Gen - (8 GB/256 GB SSD/Windows 10 Home) NS13A2IN214P Thin and Light Laptop,Intel Core i5 Processor (8th Gen),8 GB DDR4 RAM,64 bit Windows 10 Operating System,256 GB SSD,33.78 cm (13.3 inch) Display,Laptop,
Asus ZenBook Core i5 8th Gen - (8 GB/256 GB SSD/Windows 10 Home) UX430UA-GV573T Thin and Light Laptop,Intel Core i5 Processor (8th Gen),8 GB DDR3 RAM,64 bit Windows 10 Operating System,256 GB SSD,35.56 cm (14 inch) Display,Laptop,
Asus VivoBook S14 Core i5 8th Gen - (8 GB/1 TB HDD/256 GB SSD/Windows 10 Home) S410UA-EB409T Laptop,Intel Core i5 Processor (8th Gen),8 GB DDR4 RAM,64 bit Windows 10 Operating System,1 TB HDD|256 GB SSD,35.56 cm (14 inch) Display,Laptop,
Acer Nitro 5 Spin Core i5 8th Gen - (8 GB/1 TB HDD/Windows 10 Home/4 GB Graphics) NP515-51 2 in 1 Lapt...,Intel Core i5 Processor (8th Gen),8 GB DDR4 RAM,64 bit Windows 10 Operating System,1 TB HDD,39.62 cm (15.6 inch) Touchscreen Display,Laptop,
Dell Inspiron 3000 Core i7 9th Gen - (8 GB/1 TB HDD/512 GB SSD/Windows 10 Home/4 GB Graphics/NVIDIA Ge...,Intel Core i7 Processor (9th Gen),8 GB DDR4 RAM,64 bit Windows 10 Operating System,1 TB HDD|512 GB SSD,39.62 cm (15.6 inch) Display,Laptop,
Acer Swift 3 Core i5 8th Gen - (8 GB/256 GB SSD/Windows 10 Home) SF313-51-506P Thin and Light Laptop,Intel Core i5 Processor (8th Gen),8 GB DDR4 RAM,64 bit Windows 10 Operating System,256 GB SSD,33.78 cm (13.3 inch) Display,Laptop,
Apple MacBook Pro Core i5 8th Gen - (8 GB/512 GB SSD/Mac OS Mojave) MV9A2HN,Intel Core i5 Processor (8th Gen),8 GB DDR3 RAM,Mac OS Operating System,512 GB SSD,33.78 cm (13.3 inch) Display,Laptop,
Lenovo Ideapad 330 Core i3 8th Gen - (4 GB/1 TB HDD/Windows 10 Home) 330-15IKB Laptop,Intel Core i3 Processor (8th Gen),4 GB DDR4 RAM,64 bit Windows 10 Operating System,1 TB HDD,39.62 cm (15.6 inch) Display,Laptop,
MSI Core i7 9th Gen - (8 GB/1 TB HDD/128 GB SSD/Windows 10 Home/4 GB Graphics/NVIDIA Geforce GTX 1650)...,Intel Core i7 Processor (9th Gen),8 GB DDR4 RAM,64 bit Windows 10 Operating System,1 TB HDD|128 GB SSD,43.94 cm (17.3 inch) Display,Laptop,
Avita Liber Core i5 7th Gen - (8 GB/128 GB SSD/Windows 10 Home) NS14A1IN501P Thin and Light Laptop,Intel Core i5 Processor (7th Gen),8 GB DDR3 RAM,64 bit Windows 10 Operating System,128 GB SSD,35.56 cm (14 inch) Display,Laptop,
Microsoft Surface Pro 6 Core i5 8th Gen - (8 GB/256 GB SSD/Windows 10 Home) 1796 2 in 1 Laptop,Intel Core i5 Processor (8th Gen),8 GB DDR3 RAM,64 bit Windows 10 Operating System,256 GB SSD,31.24 cm (12.3 inch) Touchscreen Display,Laptop,
Lenovo Yoga 530 Core i5 8th Gen - (8 GB/512 GB SSD/Windows 10 Home/2 GB Graphics) 530-14IKB 2 in 1 Lap...,Intel Core i5 Processor (8th Gen),8 GB DDR4 RAM,64 bit Windows 10 Operating System,512 GB SSD,35.56 cm (14 inch) Touchscreen Display,Laptop,
Asus Vivobook S15 Core i5 8th Gen - (8 GB/1 TB HDD/Windows 10/2 GB Graphics) S530FN-BQ256T Laptop,Intel Core i5 Processor (8th Gen),8 GB DDR4 RAM,64 bit Windows 10 Operating System,1 TB HDD,39.62 cm (15.6 inch) Display,Laptop,
Lenovo Ideapad 330 Core i3 7th Gen - (4 GB/1 TB HDD/Windows 10 Home) 330-15IKB Laptop,Intel Core i3 Processor (7th Gen),4 GB DDR4 RAM,64 bit Windows 10 Operating System,1 TB HDD,39.62 cm (15.6 inch) Display,Laptop,
Asus VivoBook S Series Core i5 8th Gen - (8 GB/1 TB HDD/256 GB SSD/Windows 10 Home) S430FA-EB026T Thin...,Intel Core i5 Processor (8th Gen),8 GB DDR4 RAM,64 bit Windows 10 Operating System,1 TB HDD|256 GB SSD,35.56 cm (14 inch) Display,Laptop,
HP Pavilion 14-ce Core i7 10th Gen - (8 GB/512 GB SSD/Windows 10 Home/2 GB Graphics) 14-ce3024TX Thin ...,Intel Core i7 Processor (10th Gen),8 GB DDR4 RAM,64 bit Windows 10 Operating System,512 GB SSD,35.56 cm (14 inch) Display,Laptop,
Asus ROG Strix Hero III Core i7 9th Gen - (16 GB/1 TB HDD/256 GB SSD/Windows 10 Home/6 GB Graphics/NVI...,Intel Core i7 Processor (9th Gen),16 GB DDR4 RAM,64 bit Windows 10 Operating System,1 TB HDD|256 GB SSD,39.62 cm (15.6 inch) Display,Laptop,
Acer Aspire 5 Core i5 7th Gen - (8 GB/1 TB HDD/Windows 10 Home/2 GB Graphics) A515-51G -5673 Laptop,Intel Core i5 Processor (7th Gen),8 GB DDR4 RAM,64 bit Windows 10 Operating System,1 TB HDD,39.62 cm (15.6 inch) Display,Laptop,
Acer Predator Helios 300 Core i7 9th Gen - (16 GB/2 TB HDD/256 GB SSD/Windows 10 Home/6 GB Graphics/NV...,Intel Core i7 Processor (9th Gen),16 GB DDR4 RAM,64 bit Windows 10 Operating System,2 TB HDD|256 GB SSD,43.94 cm (17.3 inch) Display,Laptop,
Microsoft Surface Pro 7 Core i5 10th Gen - (8 GB/256 GB SSD/Windows 10 Home) M1866 2 in 1 Laptop,Intel Core i5 Processor (10th Gen),8 GB LPDDR4X RAM,64 bit Windows 10 Operating System,256 GB SSD,31.24 cm (12.3 inch) Touchscreen Display,Laptop,
Microsoft Surface Pro 6 Core i7 8th Gen - (8 GB/256 GB SSD/Windows 10 Home) 1796 2 in 1 Laptop,Intel Core i7 Processor (8th Gen),8 GB DDR3 RAM,64 bit Windows 10 Operating System,256 GB SSD,31.24 cm (12.3 inch) Touchscreen Display,Laptop,
HP 15 APU Dual Core A9 - (4 GB/500 GB HDD/Windows 10 Home) 15-BW523AU Laptop,AMD APU Dual Core A9 Processor,4 GB DDR4 RAM,64 bit Windows 10 Operating System,500 GB HDD,39.62 cm (15.6 inch) Display,Laptop,
HP Pavilion Core i5 9th Gen - (8 GB/1 TB HDD/256 GB SSD/Windows 10 Home/4 GB Graphics/NVIDIA Geforce G...,Intel Core i5 Processor (9th Gen),8 GB DDR4 RAM,64 bit Windows 10 Operating System,1 TB HDD|256 GB SSD,39.62 cm (15.6 inch) Display,Laptop,
Apple MacBook Pro Core i9 8th Gen - (16 GB/512 GB SSD/Mac OS Mojave/4 GB Graphics) MV932HN,Intel Core i9 Processor (8th Gen),16 GB DDR3 RAM,Mac OS Operating System,512 GB SSD,39.12 cm (15.4 inch) Display,Laptop,
Asus Vivobook 15 Ryzen 5 Quad Core - (8 GB/512 GB SSD/Windows 10 Home) X512DA-EJ502T Thin and Light La...,AMD Ryzen 5 Quad Core Processor,8 GB DDR4 RAM,64 bit Windows 10 Operating System,512 GB SSD,39.62 cm (15.6 inch) Display,Laptop,
Asus Ryzen 5 Quad Core - (4 GB/1 TB HDD/Windows 10 Home) M509DA-EJ542T Laptop,AMD Ryzen 5 Quad Core Processor,4 GB DDR4 RAM,64 bit Windows 10 Operating System,1 TB HDD,39.62 cm (15.6 inch) Display,Laptop,
Lenovo Legion Core i5 9th Gen - (8 GB/1 TB SSD/Windows 10/4 GB Graphics/NVIDIA Geforce GTX GTX1650) Le...,Intel Core i5 Processor (9th Gen),8 GB DDR4 RAM,64 bit Windows 10 Operating System,1 TB SSD,38.1 cm (15 inch) Display,Laptop,
Apple MacBook Pro Core i9 8th Gen - (16 GB/512 GB SSD/Mac OS Mojave/4 GB Graphics) MV912HN,Intel Core i9 Processor (8th Gen),16 GB DDR3 RAM,Mac OS Operating System,512 GB SSD,39.12 cm (15.4 inch) Display,Laptop,
HP Pavilion Core i5 9th Gen - (8 GB/1 TB HDD/256 GB SSD/Windows 10 Home/4 GB Graphics/NVIDIA Geforce G...,Intel Core i5 Processor (9th Gen),8 GB DDR4 RAM,64 bit Windows 10 Operating System,1 TB HDD|256 GB SSD,39.62 cm (15.6 inch) Display,Laptop,
HP HP Notebook Core i5 8th Gen - (8 GB/1 TB HDD/256 GB SSD/Windows 10 Home/2 GB Graphics) 14s-CR1018TX...,Intel Core i5 Processor (8th Gen),8 GB DDR4 RAM,64 bit Windows 10 Operating System,1 TB HDD|256 GB SSD,35.56 cm (14 inch) Display,Laptop,
Asus ZenBook 13 Core i7 8th Gen - (8 GB/512 GB SSD/Windows 10 Home) UX333FA-A4116T Thin and Light Lapt...,Intel Core i7 Processor (8th Gen),8 GB DDR3 RAM,64 bit Windows 10 Operating System,512 GB SSD,33.78 cm (13.3 inch) Display,Laptop,
HP DA Core i5 8th Gen - (4 GB/1 TB HDD/256 GB SSD/Windows 10 Home) 15-DA1058TU Laptop,Intel Core i5 Processor (8th Gen),4 GB DDR4 RAM,64 bit Windows 10 Operating System,1 TB HDD|256 GB SSD,39.62 cm (15.6 inch) Display,Laptop,
Lenovo 81N400EBIN Core i5 8th Gen - (8 GB/512 GB SSD/Windows 10 Home/2 GB Graphics) C340-14IWL Thin an...,Intel Core i5 Processor (8th Gen),8 GB DDR4 RAM,64 bit Windows 10 Operating System,512 GB SSD,35.56 cm (14 inch) Touchscreen Display,Laptop,
Lenovo Ideapad C340 Core i3 10th Gen - (8 GB/512 GB SSD/Windows 10 Home) C340-14IML Thin and Light Lap...,Intel Core i3 Processor (10th Gen),8 GB DDR4 RAM,64 bit Windows 10 Operating System,512 GB SSD,35.56 cm (14 inch) Touchscreen Display,Laptop,
Asus VivoBook S14 Core i7 8th Gen - (8 GB/1 TB HDD/256 GB SSD/Windows 10 Home) S410UA-EB720T Thin and ...,Intel Core i7 Processor (8th Gen),8 GB DDR4 RAM,64 bit Windows 10 Operating System,1 TB HDD|256 GB SSD,35.56 cm (14 inch) Display,Laptop,
Lenovo Ideapad 320 Core i5 7th Gen - (8 GB/2 TB HDD/DOS/4 GB Graphics) IP 320-15IKB Laptop,Intel Core i5 Processor (7th Gen),8 GB DDR4 RAM,DOS Operating System,2 TB HDD,39.62 cm (15.6 inch) Display,Laptop,
Acer Predator Helios 300 Core i7 8th Gen - (8 GB/1 TB HDD/128 GB SSD/Windows 10 Home/4 GB Graphics/NVI...,Intel Core i7 Processor (8th Gen),8 GB DDR4 RAM,64 bit Windows 10 Operating System,1 TB HDD|128 GB SSD,39.62 cm (15.6 inch) Display,Laptop,
HP 14q Core i3 7th Gen - (4 GB/1 TB HDD/Windows 10 Home) 14q-cs0014TU Laptop,Intel Core i3 Processor (7th Gen),4 GB DDR4 RAM,64 bit Windows 10 Operating System,1 TB HDD,35.56 cm (14 inch) Display,Laptop,
Apple MacBook Air Core i5 8th Gen - (8 GB/128 GB SSD/Mac OS Mojave) MVFK2HN/A,Intel Core i5 Processor (8th Gen),8 GB DDR3 RAM,Mac OS Operating System,128 GB SSD,33.78 cm (13.3 inch) Display,Laptop,
HP 14-r053TU Notebook (4th Gen Ci3/ 4GB/ 500GB/ Win8.1) (J8B87PA),Intel Core i3 Processor (4th Gen),4 GB DDR3 RAM,64 bit Windows 8.1 Operating System,500 GB HDD,35.2 cm (13.86 inch) Display,Laptop,
HP 14s Core i3 7th Gen - (8 GB/1 TB HDD/Windows 10 Home) 14s-cf0115tu Thin and Light Laptop,Intel Core i3 Processor (7th Gen),8 GB DDR4 RAM,64 bit Windows 10 Operating System,1 TB HDD,35.56 cm (14 inch) Display,Laptop,
Avita Liber Core i5 8th Gen - (8 GB/256 GB SSD/Windows 10 Home) NS14A2IN208P Thin and Light Laptop,Intel Core i5 Processor (8th Gen),8 GB DDR4 RAM,64 bit Windows 10 Operating System,256 GB SSD,35.56 cm (14 inch) Display,Laptop,
HP 15 Core i7 8th Gen - (8 GB/1 TB HDD/128 GB SSD/Windows 10 Home/4 GB Graphics) 15-dc0082TX Laptop,Intel Core i7 Processor (8th Gen),8 GB DDR4 RAM,64 bit Windows 10 Operating System,1 TB HDD|128 GB SSD,39.62 cm (15.6 inch) Display,Laptop,
Dell Vostro 3000 Core i5 8th Gen - (8 GB/1 TB HDD/Windows 10 Home) 3480 Laptop,Intel Core i5 Processor (8th Gen),8 GB DDR4 RAM,64 bit Windows 10 Operating System,1 TB HDD,35.56 cm (14 inch) Display,Laptop,
Lenovo Ideapad 330 Core i5 8th Gen - (8 GB/1 TB HDD/Windows 10 Home/2 GB Graphics) 330-15IKB Laptop,Intel Core i5 Processor (8th Gen),8 GB DDR4 RAM,64 bit Windows 10 Operating System,1 TB HDD,39.62 cm (15.6 inch) Display,Laptop,
Lenovo Ideapad S145 Core i3 8th Gen - (8 GB/1 TB HDD/Windows 10 Home/2 GB Graphics) S145-15IWL Laptop,Intel Core i3 Processor (8th Gen),8 GB DDR4 RAM,64 bit Windows 10 Operating System,1 TB HDD,39.62 cm (15.6 inch) Display,Laptop,
HP Spectre x360 Core i5 8th Gen - (8 GB/256 GB SSD/Windows 10 Pro) 13-ap0121TU 2 in 1 Laptop,Intel Core i5 Processor (8th Gen),8 GB DDR4 RAM,64 bit Windows 10 Operating System,256 GB SSD,33.78 cm (13.3 inch) Touchscreen Display,Laptop,
HP Pavilion Core i5 8th Gen - (8 GB/1 TB HDD/128 GB SSD/Windows 10 Home/4 GB Graphics/NVIDIA Geforce G...,Intel Core i5 Processor (8th Gen),8 GB DDR4 RAM,64 bit Windows 10 Operating System,1 TB HDD|128 GB SSD,39.62 cm (15.6 inch) Display,Laptop,
HP Spectre x360 Core i7 8th Gen - (16 GB/512 GB SSD/Windows 10 Home) 13-ap0101TU 2 in 1 Laptop,Intel Core i7 Processor (8th Gen),16 GB DDR4 RAM,64 bit Windows 10 Operating System,512 GB SSD,33.78 cm (13.3 inch) Touchscreen Display,Laptop,
Asus Vivobook 14 Core i5 8th Gen - (8 GB/512 GB SSD/Windows 10 Home) X403FA-EB021T Thin and Light Lapt...,Intel Core i5 Processor (8th Gen),8 GB DDR3 RAM,64 bit Windows 10 Operating System,512 GB SSD,35.56 cm (14 inch) Display,Laptop,
Asus Vivobook 15 Core i7 8th Gen - (8 GB/512 GB SSD/Windows 10 Home/2 GB Graphics) X512FL-EJ701T Thin ...,Intel Core i7 Processor (8th Gen),8 GB DDR4 RAM,64 bit Windows 10 Operating System,512 GB SSD,39.62 cm (15.6 inch) Display,Laptop,
Lenovo Ideapad S340 Core i5 10th Gen - (8 GB/512 GB SSD/Windows 10 Home) S340-15IIL Thin and Light Lap...,Intel Core i5 Processor (10th Gen),8 GB DDR4 RAM,64 bit Windows 10 Operating System,512 GB SSD,39.62 cm (15.6 inch) Display,Laptop,
Lenovo 310 Core i5 6th Gen - (8 GB/1 TB HDD/DOS/2 GB Graphics) IP 310 Laptop,Intel Core i5 Processor (6th Gen),8 GB DDR4 RAM,DOS Operating System,1 TB HDD,39.62 cm (15.6 inch) Display,Laptop,
Acer Predator Triton 500 Core i7 9th Gen - (16 GB/1 TB SSD/Windows 10 Home/6 GB Graphics/NVIDIA Geforc...,Intel Core i7 Processor (9th Gen),16 GB DDR4 RAM,64 bit Windows 10 Operating System,1 TB SSD,39.62 cm (15.6 inch) Display,Laptop,
Lenovo Legion Y540 Core i5 9th Gen - (8 GB/1 TB HDD/128 GB SSD/Windows 10/4 GB Graphics/NVIDIA Geforce...,Intel Core i5 Processor (9th Gen),8 GB DDR4 RAM,64 bit Windows 10 Operating System,1 TB HDD|128 GB SSD,39.62 cm (15.6 inch) Display,Laptop,
Avita Liber Core i5 8th Gen - (8 GB/256 GB SSD/Windows 10 Home) NS14A2IN199P Thin and Light Laptop,Intel Core i5 Processor (8th Gen),8 GB DDR4 RAM,64 bit Windows 10 Operating System,256 GB SSD,35.56 cm (14 inch) Display,Laptop,
Avita Liber Core i5 8th Gen - (8 GB/256 GB SSD/Windows 10 Home) NS14A2IN209P Thin and Light Laptop,Intel Core i5 Processor (8th Gen),8 GB DDR4 RAM,64 bit Windows 10 Operating System,256 GB SSD,35.56 cm (14 inch) Display,Laptop,
HP 15q Core i5 8th Gen - (8 GB/1 TB HDD/Windows 10 Home/2 GB Graphics) 15q-ds0004TX Laptop,Intel Core i5 Processor (8th Gen),8 GB DDR4 RAM,64 bit Windows 10 Operating System,1 TB HDD,39.62 cm (15.6 inch) Display,Laptop,
Avita Liber Core i7 8th Gen - (8 GB/256 GB SSD/Windows 10 Home) NS14A2IN245P Thin and Light Laptop,Intel Core i7 Processor (8th Gen),8 GB DDR4 RAM,64 bit Windows 10 Operating System,256 GB SSD,35.56 cm (14 inch) Display,Laptop,
Avita Liber Core i7 8th Gen - (8 GB/256 GB SSD/Windows 10 Home) NS14A2IN241P Thin and Light Laptop,Intel Core i7 Processor (8th Gen),8 GB DDR4 RAM,64 bit Windows 10 Operating System,256 GB SSD,35.56 cm (14 inch) Display,Laptop,
Avita Liber Core i7 8th Gen - (8 GB/256 GB SSD/Windows 10 Home) NS14A2IN247P Thin and Light Laptop,Intel Core i7 Processor (8th Gen),8 GB DDR4 RAM,64 bit Windows 10 Operating System,256 GB SSD,35.56 cm (14 inch) Display,Laptop,
Avita Liber Core i7 8th Gen - (8 GB/256 GB SSD/Windows 10 Home) NS14A2IN249P Thin and Light Laptop,Intel Core i7 Processor (8th Gen),8 GB DDR4 RAM,64 bit Windows 10 Operating System,256 GB SSD,35.56 cm (14 inch) Display,Laptop,
Avita Liber Core i7 8th Gen - (8 GB/256 GB SSD/Windows 10 Home) NS14A2IN244P Thin and Light Laptop,Intel Core i7 Processor (8th Gen),8 GB DDR4 RAM,64 bit Windows 10 Operating System,256 GB SSD,35.56 cm (14 inch) Display,Laptop,
Avita Liber Core i7 8th Gen - (8 GB/256 GB SSD/Windows 10 Home) NS14A2IN246P Thin and Light Laptop,Intel Core i7 Processor (8th Gen),8 GB DDR4 RAM,64 bit Windows 10 Operating System,256 GB SSD,35.56 cm (14 inch) Display,Laptop,
Avita Liber Core i7 8th Gen - (8 GB/256 GB SSD/Windows 10 Home) NS14A2IN239P Thin and Light Laptop,Intel Core i7 Processor (8th Gen),8 GB DDR4 RAM,64 bit Windows 10 Operating System,256 GB SSD,35.56 cm (14 inch) Display,Laptop,
Lenovo Ideapad L340 Core i5 9th Gen - (8 GB/1 TB HDD/Windows 10 Home/4 GB Graphics/NVIDIA Geforce GTX ...,Intel Core i5 Processor (9th Gen),8 GB DDR4 RAM,64 bit Windows 10 Operating System,1 TB HDD,39.62 cm (15.6 inch) Display,Laptop,
HP CE Core i5 8th Gen - (8 GB/256 GB SSD/Windows 10 Home/2 GB Graphics) CE1000TX Thin and Light Laptop,Intel Core i5 Processor (8th Gen),8 GB DDR4 RAM,64 bit Windows 10 Operating System,256 GB SSD,35.56 cm (14 inch) Display,Laptop,
Acer Swift 5 Core i5 8th Gen - (8 GB/512 GB SSD/Windows 10 Home) SF514-52T -59JY Thin and Light Laptop,Intel Core i5 Processor (8th Gen),8 GB DDR3 RAM,64 bit Windows 10 Operating System,512 GB SSD,35.56 cm (14 inch) Display,Laptop,
Alienware 17 Core i7 8th Gen - (16 GB/1 TB HDD/512 GB SSD/Windows 10 Home/8 GB Graphics/NVIDIA Geforce...,Intel Core i7 Processor (8th Gen),16 GB DDR4 RAM,64 bit Windows 10 Operating System,1 TB HDD|512 GB SSD,43.94 cm (17.3 inch) Display,Laptop,
Acer Predator Helios 300 Core i5 8th Gen - (8 GB/1 TB HDD/128 GB SSD/Windows 10 Home/4 GB Graphics/NVI...,Intel Core i5 Processor (8th Gen),8 GB DDR4 RAM,64 bit Windows 10 Operating System,1 TB HDD|128 GB SSD,39.62 cm (15.6 inch) Display,Laptop,
HP DI Core i5 10th Gen - (8 GB/1 TB HDD/64 GB EMMC Storage/Windows 10 Home/2 GB Graphics) DI2001TX Lap...,Intel Core i5 Processor (10th Gen),8 GB DDR4 RAM,64 bit Windows 10 Operating System,1 TB HDD,39.62 cm (15.6 inch) Display,Laptop,
Lenovo Ideapad S210 T (59-379266) Netbook (CDC/ 2GB/ 500GB/ Win8/ Touch),Intel Celeron Dual Core Processor,2 GB DDR3 RAM,64 bit Windows 8 Operating System,500 GB HDD,29.18 cm (11.49 inch) Touchscreen Display,Laptop,
Acer Aspire 3 Celeron Dual Core - (2 GB/500 GB HDD/Linux) A315-33-C89L Laptop,Intel Celeron Dual Core Processor,2 GB DDR3 RAM,Linux/Ubuntu Operating System,500 GB HDD,39.62 cm (15.6 inch) Display,Laptop,
Acer Predator 17 Core i7 7th Gen - (16 GB/2 TB HDD/256 GB SSD/Windows 10 Home/8 GB Graphics/NVIDIA Gef...,Intel Core i7 Processor (7th Gen),16 GB DDR4 RAM,64 bit Windows 10 Operating System,2 TB HDD|256 GB SSD,43.94 cm (17.3 inch) Display,Laptop,
Dell Inspiron 13 7000 Series Core i7 8th Gen - (16 GB/512 GB SSD/Windows 10 Home) insp 7380 Laptop,Intel Core i7 Processor (8th Gen),16 GB DDR4 RAM,64 bit Windows 10 Operating System,512 GB SSD,33.78 cm (13.3 inch) Display,Laptop,
Asus ZenBook 13 Core i7 8th Gen - (8 GB/512 GB SSD/Windows 10 Home) UX331UAL-EG031T Thin and Light Lap...,Intel Core i7 Processor (8th Gen),8 GB DDR3 RAM,64 bit Windows 10 Operating System,512 GB SSD,33.78 cm (13.3 inch) Display,Laptop,
Acer Nitro 5 Core i7 9th Gen - (8 GB/1 TB HDD/256 GB SSD/Windows 10 Home/4 GB Graphics/NVIDIA Geforce ...,Intel Core i7 Processor (9th Gen),8 GB DDR4 RAM,64 bit Windows 10 Operating System,1 TB HDD|256 GB SSD,43.94 cm (17.3 inch) Display,Laptop,
HP Compaq 15-s103TX Notebook (4th Gen Ci3/ 4GB/ 1TB/ Free DOS/ 2GB Graph) (K8T82PA),Intel Core i3 Processor (4th Gen),4 GB DDR3 RAM,DOS Operating System,1 TB HDD,39.62 cm (15.6 inch) Display,Laptop,
HP Pavilion 13 Core i5 8th Gen - (8 GB/256 GB SSD/Windows 10 Home) 13-an0046tu Thin and Light Laptop,Intel Core i5 Processor (8th Gen),8 GB DDR4 RAM,64 bit Windows 10 Operating System,256 GB SSD,33.78 cm (13.3 inch) Display,Laptop,
Lenovo Ideapad S540 Core i5 10th Gen - (8 GB/512 GB SSD/Windows 10 Home/2 GB Graphics) S540-13IML Thin...,Intel Core i5 Processor (10th Gen),8 GB DDR4 RAM,64 bit Windows 10 Operating System,512 GB SSD,33.78 cm (13.3 inch) Display,Laptop,
Acer Nitro 5 Core i5 9th Gen - (8 GB/1 TB HDD/Windows 10 Home/3 GB Graphics/NVIDIA Geforce GTX 1050) A...,Intel Core i5 Processor (9th Gen),8 GB DDR4 RAM,64 bit Windows 10 Operating System,1 TB HDD,43.94 cm (17.3 inch) Display,Laptop,
Asus ROG Zephyrus S Core i7 9th Gen - (24 GB/1 TB SSD/Windows 10 Home/8 GB Graphics/NVIDIA Geforce RTX...,Intel Core i7 Processor (9th Gen),24 GB DDR4 RAM,64 bit Windows 10 Operating System,1 TB SSD,39.62 cm (15.6 inch) Display,Laptop,
Asus Core i5 8th Gen - (8 GB/1 TB HDD/Windows 10 Home/2 GB Graphics) R540UB-DM1197T Laptop,Intel Core i5 Processor (8th Gen),8 GB DDR4 RAM,64 bit Windows 10 Operating System,1 TB HDD,39.62 cm (15.6 inch) Display,Laptop,
Acer Helios 300 Core i5 9th Gen - (8 GB/1 TB HDD/256 GB SSD/Windows 10 Home/6 GB Graphics/NVIDIA Gefor...,Intel Core i5 Processor (9th Gen),8 GB DDR4 RAM,64 bit Windows 10 Operating System,1 TB HDD|256 GB SSD,43.94 cm (17.3 inch) Display,Laptop,
HP 15 Pentium Gold - (4 GB/1 TB HDD/Windows 10 Home) 15-da0389TU Laptop,Intel Pentium Gold Processor,4 GB DDR4 RAM,64 bit Windows 10 Operating System,1 TB HDD,39.62 cm (15.6 inch) Display,Laptop,
Acer Nitro 5 Core i5 9th Gen - (8 GB/1 TB HDD/256 GB SSD/Windows 10 Home/4 GB Graphics/NVIDIA Geforce ...,Intel Core i5 Processor (9th Gen),8 GB DDR4 RAM,64 bit Windows 10 Operating System,1 TB HDD|256 GB SSD,43.94 cm (17.3 inch) Display,Laptop,
Lenovo Ideapad 520 Core i5 8th Gen - (4 GB/1 TB HDD/Windows 10 Home/2 GB Graphics) 520-15IKB Laptop,Intel Core i5 Processor (8th Gen),4 GB DDR4 RAM,64 bit Windows 10 Operating System,1 TB HDD,39.62 cm (15.6 inch) Display,Laptop,
Acer NITRO 5 Core i7 9th Gen - (8 GB/1 TB HDD/256 GB SSD/Windows 10 Home/4 GB Graphics/NVIDIA Geforce ...,Intel Core i7 Processor (9th Gen),8 GB DDR4 RAM,64 bit Windows 10 Operating System,1 TB HDD|256 GB SSD,39.62 cm (15.6 inch) Display,Laptop,
HP DI Core i3 7th Gen - (4 GB/1 TB HDD/Windows 10 Home) 15-di0002tu Laptop,Intel Core i3 Processor (7th Gen),4 GB DDR4 RAM,64 bit Windows 10 Operating System,1 TB HDD,39.62 cm (15.6 inch) Display,Laptop,
Asus VivoBook Ryzen 5 Quad Core - (4 GB/1 TB HDD/Windows 10 Home) X505ZA-EJ505TX505Z Thin and Light La...,AMD Ryzen 5 Quad Core Processor,4 GB DDR4 RAM,64 bit Windows 10 Operating System,1 TB HDD,39.62 cm (15.6 inch) Display,Laptop,
Avita Liber Core i5 8th Gen - (8 GB/256 GB SSD/Windows 10 Home) NS14A2IN206P Thin and Light Laptop,Intel Core i5 Processor (8th Gen),8 GB DDR4 RAM,64 bit Windows 10 Operating System,256 GB SSD,35.56 cm (14 inch) Display,Laptop,
Asus Vivobook Core i7 8th Gen - (8 GB/1 TB HDD/Windows 10 Home/2 GB Graphics) X510UN-EJ330T Laptop,Intel Core i7 Processor (8th Gen),8 GB DDR4 RAM,64 bit Windows 10 Operating System,1 TB HDD,39.62 cm (15.6 inch) Display,Laptop,
HP 15 Ryzen 5 Dual Core - (4 GB/1 TB HDD/Windows 10 Home) 15-db1061AU Laptop,AMD Ryzen 5 Dual Core Processor,4 GB DDR4 RAM,64 bit Windows 10 Operating System,1 TB HDD,39.62 cm (15.6 inch) Display,Laptop,
Avita Liber Core i5 8th Gen - (8 GB/256 GB SSD/Windows 10 Home) NS14A2IN201P Thin and Light Laptop,Intel Core i5 Processor (8th Gen),8 GB DDR4 RAM,64 bit Windows 10 Operating System,256 GB SSD,35.56 cm (14 inch) Display,Laptop,
Lenovo Core i3 8th Gen - (8 GB/1 TB SSD/Windows 10 Home/2 GB Graphics) C340-14IWL Thin and Light Lapto...,Intel Core i3 Processor (8th Gen),8 GB DDR4 RAM,64 bit Windows 10 Operating System,1 TB SSD,35.56 cm (14 inch) Touchscreen Display,Laptop,
Asus Vivobook 15 Ryzen 5 Quad Core - (8 GB/512 GB SSD/Windows 10 Home) X512DA-EJ503T Thin and Light La...,Intel Ryzen 5 Quad Core Processor,8 GB DDR4 RAM,64 bit Windows 10 Operating System,512 GB SSD,39.62 cm (15.6 inch) Display,Laptop,
Dell Inspiron 3000 APU Dual Core A6 - (4 GB/1 TB HDD/Windows 10 Home) 3595 Laptop,AMD APU Dual Core A6 Processor,4 GB DDR4 RAM,64 bit Windows 10 Operating System,1 TB HDD,39.62 cm (15.6 inch) Display,Laptop,
Asus ROG Strix G Core i7 9th Gen - (8 GB/1 TB HDD/256 GB SSD/Windows 10 Home/4 GB Graphics/NVIDIA Gefo...,Intel Core i7 Processor (9th Gen),8 GB DDR4 RAM,64 bit Windows 10 Operating System,1 TB HDD|256 GB SSD,39.62 cm (15.6 inch) Display,Laptop,
Asus Core i5 8th Gen - (8 GB/512 GB SSD/Windows 10 Home) X409FA-EK502T Laptop,Intel Core i5 Processor (8th Gen),8 GB DDR4 RAM,64 bit Windows 10 Operating System,512 GB SSD,35.56 cm (14 inch) Display,Laptop,
Dell Core i5 8th Gen - (8 GB/256 GB SSD/Windows 10 Home) XPS 13 9360 Thin and Light Laptop,Intel Core i5 Processor (8th Gen),8 GB DDR3 RAM,64 bit Windows 10 Operating System,256 GB SSD,33.02 cm (13 inch) Display,Laptop,
Asus VivoBook 15 Core i3 7th Gen - (4 GB/1 TB HDD/Windows 10 Home) X543UA-DM342T Laptop,Intel Core i3 Processor (7th Gen),4 GB DDR4 RAM,64 bit Windows 10 Operating System,1 TB HDD,39.62 cm (15.6 inch) Display,Laptop,
Dell Inspiron 15 3000 Core i3 7th Gen - (4 GB/1 TB HDD/Windows 10 Home) 3584 Laptop,Intel Core i3 Processor (7th Gen),4 GB DDR4 RAM,64 bit Windows 10 Operating System,1 TB HDD,39.62 cm (15.6 inch) Display,Laptop,
HP 15 Core i5 8th Gen - (8 GB/1 TB HDD/Windows 10 Home/2 GB Graphics) 15-da1074TX Laptop,Intel Core i5 Processor (8th Gen),8 GB DDR4 RAM,64 bit Windows 10 Operating System,1 TB HDD,39.62 cm (15.6 inch) Display,Laptop,
Lenovo Legion Y740 Core i7 9th Gen - (8 GB/1 TB SSD/Windows 10 Home/6 GB Graphics/NVIDIA Geforce GTX 1...,Intel Core i7 Processor (9th Gen),8 GB DDR4 RAM,64 bit Windows 10 Operating System,1 TB SSD,39.62 cm (15.6 inch) Display,Laptop,
Lenovo Ideapad V130 Core i3 8th Gen - (4 GB/1 TB HDD/DOS) 81HNA03JIH Notebook,Intel Core i3 Processor (8th Gen),4 GB DDR4 RAM,DOS Operating System,1 TB HDD,39.62 cm (15.6 inch) Display,Laptop,
Asus Core i5 8th Gen - (8 GB/512 GB SSD/Windows 10 Home/2 GB Graphics) X509FJ-EJ502T Laptop,Intel Core i5 Processor (8th Gen),8 GB DDR4 RAM,64 bit Windows 10 Operating System,512 GB SSD,39.62 cm (15.6 inch) Display,Laptop,
Asus F570ZD Ryzen 5 Quad Core - (8 GB/1 TB HDD/Windows 10 Home/4 GB Graphics) F570ZD-DM226TF570ZD Lapt...,AMD Ryzen 5 Quad Core Processor,8 GB DDR4 RAM,64 bit Windows 10 Operating System,1 TB HDD,39.62 cm (15.6 inch) Display,Laptop,
Avita Liber Core i5 8th Gen - (8 GB/512 GB SSD/Windows 10 Home) NS14A2IN220P Thin and Light Laptop,Intel Core i5 Processor (8th Gen),8 GB DDR4 RAM,64 bit Windows 10 Operating System,512 GB SSD,35.56 cm (14 inch) Display,Laptop,
Avita Liber Core i5 8th Gen - (8 GB/512 GB SSD/Windows 10 Home) NS14A2IN225P Thin and Light Laptop,Intel Core i5 Processor (8th Gen),8 GB DDR4 RAM,64 bit Windows 10 Operating System,512 GB SSD,35.56 cm (14 inch) Display,Laptop,
Avita Liber Core i5 7th Gen - (8 GB/512 GB SSD/Windows 10 Home) NS13A1IN015P Thin and Light Laptop,Intel Core i5 Processor (7th Gen),8 GB DDR3 RAM,64 bit Windows 10 Operating System,512 GB SSD,33.78 cm (13.3 inch) Display,Laptop,
Lenovo Ideapad 130 Core i5 8th Gen - (4 GB/1 TB HDD/Windows 10 Home) 130-14IKB Laptop,Intel Core i5 Processor (8th Gen),4 GB DDR4 RAM,64 bit Windows 10 Operating System,1 TB HDD,35.56 cm (14 inch) Display,Laptop,
Lenovo E Core i3 7th Gen - (4 GB/1 TB HDD/DOS) E480 Business Laptop,Intel Core i3 Processor (7th Gen),4 GB DDR3 RAM,DOS Operating System,1 TB HDD,35.56 cm (14 inch) Display,Laptop,
MSI GL Series Core i5 8th Gen - (8 GB/1 TB HDD/Windows 10 Home/4 GB Graphics/NVIDIA Geforce GTX 1050) ...,Intel Core i5 Processor (8th Gen),8 GB DDR4 RAM,64 bit Windows 10 Operating System,1 TB HDD,39.62 cm (15.6 inch) Display,Laptop,
Avita Liber Core i5 7th Gen - (8 GB/512 GB SSD/Windows 10 Home) NS13A1IN014P Thin and Light Laptop,Intel Core i5 Processor (7th Gen),8 GB DDR3 RAM,64 bit Windows 10 Operating System,512 GB SSD,33.78 cm (13.3 inch) Display,Laptop,
Avita Liber Core i5 8th Gen - (8 GB/512 GB SSD/Windows 10 Home) NS14A2IN228P Thin and Light Laptop,Intel Core i5 Processor (8th Gen),8 GB DDR4 RAM,64 bit Windows 10 Operating System,512 GB SSD,35.56 cm (14 inch) Display,Laptop,
Avita Liber Core i5 7th Gen - (8 GB/512 GB SSD/Windows 10 Home) NS13A1IN019P Thin and Light Laptop,Intel Core i5 Processor (7th Gen),8 GB DDR3 RAM,64 bit Windows 10 Operating System,512 GB SSD,33.78 cm (13.3 inch) Display,Laptop,
Lenovo Ideapad L340 Core i5 9th Gen - (8 GB/1 TB HDD/Windows 10 Home/4 GB Graphics/NVIDIA Geforce GTX ...,Intel Core i5 Processor (9th Gen),8 GB DDR4 RAM,64 bit Windows 10 Operating System,1 TB HDD,39.62 cm (15.6 inch) Display,Laptop,
Avita Liber Core i5 7th Gen - (8 GB/512 GB SSD/Windows 10 Home) NS13A1IN013P Thin and Light Laptop,Intel Core i5 Processor (7th Gen),8 GB DDR3 RAM,64 bit Windows 10 Operating System,512 GB SSD,33.78 cm (13.3 inch) Display,Laptop,
Avita Liber Core i5 7th Gen - (8 GB/512 GB SSD/Windows 10 Home) NS13A1IN012P Thin and Light Laptop,Intel Core i5 Processor (7th Gen),8 GB DDR3 RAM,64 bit Windows 10 Operating System,512 GB SSD,33.78 cm (13.3 inch) Display,Laptop,
Lenovo Ideapad 330 Core i5 8th Gen - (4 GB + 16 GB Optane/1 TB HDD/Windows 10 Home/4 GB Graphics) Idea...,Intel Core i5 Processor (8th Gen),4 GB DDR4 RAM,64 bit Windows 10 Operating System,1 TB HDD,39.62 cm (15.6 inch) Display,Laptop,
Microsoft Surface Pro 7 Core i3 10th Gen - (4 GB/128 GB SSD/Windows 10 Home) M1866 2 in 1 Laptop,Intel Core i3 Processor (10th Gen),4 GB LPDDR4X RAM,64 bit Windows 10 Operating System,128 GB SSD,31.24 cm (12.3 inch) Touchscreen Display,Laptop,
Acer Predator Helios 300 Core i5 9th Gen - (8 GB/1 TB HDD/256 GB SSD/Windows 10 Home/6 GB Graphics/NVI...,Intel Core i5 Processor (9th Gen),8 GB DDR4 RAM,64 bit Windows 10 Operating System,1 TB HDD|256 GB SSD,39.62 cm (15.6 inch) Display,Laptop,
Asus ZenBook 15 Core i7 8th Gen - (16 GB/1 TB SSD/Windows 10 Home/2 GB Graphics) UX533FD-A9100T Laptop,Intel Core i7 Processor (8th Gen),16 GB DDR4 RAM,64 bit Windows 10 Operating System,1 TB SSD,39.62 cm (15.6 inch) Display,Laptop,
Asus ZenBook Core i5 8th Gen - (8 GB/256 GB SSD/Windows 10 Home) UX430UA-GV307T Thin and Light Laptop,Intel Core i5 Processor (8th Gen),8 GB DDR3 RAM,64 bit Windows 10 Operating System,256 GB SSD,35.56 cm (14 inch) Display,Laptop,
Lenovo Core i3 8th Gen - (4 GB/256 GB SSD/Windows 10 Home) C340-14IWL 2 in 1 Laptop,Intel Core i3 Processor (8th Gen),4 GB DDR4 RAM,64 bit Windows 10 Operating System,256 GB SSD,35.56 cm (14 inch) Touchscreen Display,Laptop,
Lenovo Ideapad 330 APU Dual Core A6 7th Gen - (4 GB/1 TB HDD/Windows 10 Home/512 MB Graphics) 81D600LA...,Intel APU Dual Core A6 Processor (7th Gen),4 GB DDR4 RAM,64 bit Windows 10 Operating System,1 TB HDD,39.62 cm (15.6 inch) Display,Laptop,
Lenovo IdeaPad S145 Core i5 8th Gen - (4 GB/1 TB HDD/Windows 10) Ideapad S145-15IWL Laptop,Intel Core i5 Processor (8th Gen),4 GB DDR4 RAM,64 bit Windows 10 Operating System,1 TB HDD,39.62 cm (15.6 inch) Display,Laptop,
Dell Inspiron 15 3000 Series Core i7 8th Gen - (8 GB/2 TB HDD/Windows 10 Home/2 GB Graphics) ins 3576 ...,Intel Core i7 Processor (8th Gen),8 GB DDR4 RAM,64 bit Windows 10 Operating System,2 TB HDD,39.62 cm (15.6 inch) Display,Laptop,
Asus ZenBook 13 Core i5 8th Gen - (8 GB/512 GB SSD/Windows 10 Home) UX333FA-A4184T Thin and Light Lapt...,Intel Core i5 Processor (8th Gen),8 GB DDR3 RAM,64 bit Windows 10 Operating System,512 GB SSD,33.78 cm (13.3 inch) Display,Laptop,
Dell Inspiron 3000 Core i5 10th Gen - (4 GB/512 GB SSD/Windows 10 Home) 3593 Laptop,Intel Core i5 Processor (10th Gen),4 GB DDR4 RAM,64 bit Windows 10 Operating System,512 GB SSD,39.62 cm (15.6 inch) Display,Laptop,
Dell Inspiron 15 3000 Core i3 7th Gen - (4 GB/1 TB HDD/Windows 10 Home) 3584 Laptop,Intel Core i3 Processor (7th Gen),4 GB DDR4 RAM,64 bit Windows 10 Operating System,1 TB HDD,39.62 cm (15.6 inch) Display,Laptop,
MSI Core i7 9th Gen - (16 GB/1 TB HDD/256 GB SSD/Windows 10 Home/6 GB Graphics/NVIDIA Geforce GTX 1660...,Intel Core i7 Processor (9th Gen),16 GB DDR4 RAM,64 bit Windows 10 Operating System,1 TB HDD|256 GB SSD,39.62 cm (15.6 inch) Display,Laptop,
Dell Inspiron 15 7000 Series Core i5 8th Gen - (8 GB/1 TB HDD/128 GB SSD/Windows 10 Home/2 GB Graphics...,Intel Core i5 Processor (8th Gen),8 GB DDR4 RAM,64 bit Windows 10 Operating System,1 TB HDD|128 GB SSD,39.62 cm (15.6 inch) Display,Laptop,
Dell Inspiron 5000 Core i7 8th Gen - (8 GB/1 TB HDD/512 GB SSD/Windows 10 Home/4 GB Graphics) 5584 Lap...,Intel Core i7 Processor (8th Gen),8 GB DDR4 RAM,64 bit Windows 10 Operating System,1 TB HDD|512 GB SSD,39.62 cm (15.6 inch) Display,Laptop,
Dell Inspiron 15 7000 Core i7 8th Gen - (8 GB/1 TB HDD/256 GB SSD/Windows 10 Home/4 GB Graphics) 7570 ...,Intel Core i7 Processor (8th Gen),8 GB DDR4 RAM,64 bit Windows 10 Operating System,1 TB HDD|256 GB SSD,39.62 cm (15.6 inch) Display,Laptop,
Asus Vivobook 15 Ryzen 5 Quad Core - (8 GB/512 GB SSD/Windows 10 Home) X512DA-EJ501T Thin and Light La...,AMD Ryzen 5 Quad Core Processor,8 GB DDR4 RAM,64 bit Windows 10 Operating System,512 GB SSD,39.62 cm (15.6 inch) Display,Laptop,
Lenovo Ideapad 330s Core i5 8th Gen - (4 GB + 16 GB Optane/1 TB HDD/Windows 10 Home/4 GB Graphics) 330...,Intel Core i5 Processor (8th Gen),4 GB DDR4 RAM,64 bit Windows 10 Operating System,1 TB HDD,39.62 cm (15.6 inch) Display,Laptop,
Microsoft Surface Pro Core i5 7th Gen - (8 GB/128 GB SSD/Windows 10 Pro) M1796 2 in 1 Laptop,Intel Core i5 Processor (7th Gen),8 GB DDR3 RAM,64 bit Windows 10 Operating System,128 GB SSD,31.24 cm (12.3 inch) Touchscreen Display,Laptop,
Lenovo Legion Y530 Core i5 8th Gen - (8 GB/1 TB HDD/128 GB SSD/Windows 10 Home/4 GB Graphics/NVIDIA Ge...,Intel Core i5 Processor (8th Gen),8 GB DDR4 RAM,64 bit Windows 10 Operating System,1 TB HDD|128 GB SSD,39.62 cm (15.6 inch) Display,Laptop,
Dell G7 Series Core i7 8th Gen - (16 GB/1 TB HDD/128 GB SSD/Windows 10 Home/6 GB Graphics/NVIDIA Gefor...,Intel Core i7 Processor (8th Gen),16 GB DDR4 RAM,64 bit Windows 10 Operating System,1 TB HDD|128 GB SSD,39.62 cm (15.6 inch) Display,Laptop,
Dell Inspiron 3000 Ryzen 5 Quad Core - (4 GB/1 TB HDD/Windows 10 Home) 3585 Laptop,AMD Ryzen 5 Quad Core Processor,4 GB DDR4 RAM,64 bit Windows 10 Operating System,1 TB HDD,39.62 cm (15.6 inch) Display,Laptop,
MSI Core i7 9th Gen - (16 GB/1 TB HDD/512 GB SSD/Windows 10 Home/8 GB Graphics/NVIDIA Geforce RTX 2070...,Intel Core i7 Processor (9th Gen),16 GB DDR4 RAM,64 bit Windows 10 Operating System,1 TB HDD|512 GB SSD,39.62 cm (15.6 inch) Display,Laptop,
HP Pavilion Core i7 8th Gen - (8 GB/2 TB HDD/Windows 10 Home/4 GB Graphics) 15-CS1052TX Thin and Light...,Intel Core i7 Processor (8th Gen),8 GB DDR4 RAM,64 bit Windows 10 Operating System,2 TB HDD,39.62 cm (15.6 inch) Display,Laptop,
Dell Vostro 14 3000 Core i5 8th Gen - (8 GB/1 TB HDD/Windows 10 Home/2 GB Graphics) vos 3480 Laptop,Intel Core i5 Processor (8th Gen),8 GB DDR4 RAM,64 bit Windows 10 Operating System,1 TB HDD,35.56 cm (14 inch) Display,Laptop,
HP 14q Core i5 8th Gen - (4 GB/1 TB HDD/Windows 10 Home) 14q-cs0007TU Laptop,Intel Core i5 Processor (8th Gen),4 GB DDR4 RAM,64 bit Windows 10 Operating System,1 TB HDD,35.56 cm (14 inch) Display,Laptop,
Lenovo Yoga 520 Core i3 8th Gen - (4 GB/1 TB HDD/Windows 10 Home) 520-14IKB 2 in 1 Laptop,Intel Core i3 Processor (8th Gen),4 GB DDR4 RAM,64 bit Windows 10 Operating System,1 TB HDD,35.56 cm (14 inch) Touchscreen Display,Laptop,
Lenovo V130 Core i3 7th Gen - (4 GB/1 TB HDD/1 TB SSD/64 GB EMMC Storage/DOS/512 MB Graphics) V130-15I...,Intel Core i3 Processor (7th Gen),4 GB DDR4 RAM,64 bit DOS Operating System,1 TB HDD|1 TB SSD,39.62 cm (15.6 inch) Display,Laptop,
Asus Vivo Core i5 8th Gen - (8 GB/512 GB SSD/Windows 10/2 GB Graphics) X509FJ-EJ501T Thin and Light La...,Intel Core i5 Processor (8th Gen),8 GB DDR4 RAM,64 bit Windows 10 Operating System,512 GB SSD,39.62 cm (15.6 inch) Display,Laptop,
MSI G Ryzen 7 Quad Core - (16 GB/1 TB HDD/256 GB SSD/Windows 10 Home/4 GB Graphics/AMD Radeon RX 5500M...,AMD Ryzen 7 Quad Core Processor,16 GB DDR4 RAM,64 bit Windows 10 Operating System,1 TB HDD|256 GB SSD,39.62 cm (15.6 inch) Display,Laptop,
Lenovo Ideapad S145 Core i3 8th Gen - (8 GB/1 TB HDD/Windows 10 Home/2 GB Graphics/NVIDIA Geforce NVID...,Intel Core i3 Processor (8th Gen),8 GB DDR4 RAM,64 bit Windows 10 Operating System,1 TB HDD,39.62 cm (15.6 inch) Display,Laptop,
Avita Liber Core i5 8th Gen - (8 GB/256 GB SSD/Windows 10 Home) NS14A2IN196P Thin and Light Laptop,Intel Core i5 Processor (8th Gen),8 GB DDR4 RAM,64 bit Windows 10 Operating System,256 GB SSD,35.56 cm (14 inch) Display,Laptop,
Apple MacBook Air Core i5 8th Gen - (8 GB/128 GB SSD/Mac OS Mojave) MRE82HN/A,Intel Core i5 Processor (8th Gen),8 GB DDR3 RAM,Mac OS Operating System,128 GB SSD,33.78 cm (13.3 inch) Display,Laptop,
Asus Core i5 8th Gen - (4 GB/1 TB HDD/Windows 10 Home) X540UA-DM2125T Laptop,Intel Core i5 Processor (8th Gen),4 GB DDR4 RAM,64 bit Windows 10 Operating System,1 TB HDD,39.62 cm (15.6 inch) Display,Laptop,
HP G7 Ryzen 3 Dual Core - (4 GB/1 TB HDD/DOS) 245 G7 Laptop,AMD Ryzen 3 Dual Core Processor,4 GB DDR4 RAM,DOS Operating System,1 TB HDD,35.56 cm (14 inch) Display,Laptop,
Smartron t.book flex Core i5 7th Gen - (4 GB/128 GB SSD/Windows 10 Home) T1224 2 in 1 Laptop,Intel Core i5 Processor (7th Gen),4 GB DDR3 RAM,64 bit Windows 10 Operating System,128 GB SSD,30.99 cm (12.2 inch) Touchscreen Display,Laptop,
Lenovo IDEAPAD APU Quad Core A6 9th Gen - (4 GB/1 TB HDD/Windows 10) 81n3lenovo ideapad s145-15ast u L...,Intel APU Quad Core A6 Processor (9th Gen),4 GB DDR4 RAM,64 bit Windows 10 Operating System,1 TB HDD,39.62 cm (15.6 inch) Display,Laptop,
HP 15 Core i7 8th Gen - (16 GB/1 TB HDD/128 GB SSD/Windows 10 Home/4 GB Graphics) 15-dc0084TX Laptop,Intel Core i7 Processor (8th Gen),16 GB DDR4 RAM,64 bit Windows 10 Operating System,1 TB HDD|128 GB SSD,39.62 cm (15.6 inch) Display,Laptop,
Asus Vivobook 15 Pentium Gold 7th Gen - (4 GB/256 GB SSD/Windows 10 Home) X509UA-EJ245T Laptop,Intel Pentium Gold Processor (7th Gen),4 GB DDR4 RAM,64 bit Windows 10 Operating System,256 GB SSD,39.62 cm (15.6 inch) Display,Laptop,
HP Pavilion 13 Core i5 8th Gen - (8 GB/128 GB SSD/Windows 10 Home) 13-an0045tu Thin and Light Laptop,Intel Core i5 Processor (8th Gen),8 GB DDR4 RAM,64 bit Windows 10 Operating System,128 GB SSD,33.78 cm (13.3 inch) Display,Laptop,
Dell Inspiron 15 3000 Series Core i5 8th Gen - (8 GB/2 TB HDD/Windows 10 Home/2 GB Graphics) INS 3576 ...,Intel Core i5 Processor (8th Gen),8 GB DDR4 RAM,64 bit Windows 10 Operating System,2 TB HDD,39.62 cm (15.6 inch) Display,Laptop,
Acer Helios 300 Core i7 9th Gen - (8 GB/2 TB HDD/256 GB SSD/Windows 10 Home/6 GB Graphics/NVIDIA Gefor...,Intel Core i7 Processor (9th Gen),8 GB DDR4 RAM,64 bit Windows 10 Operating System,2 TB HDD|256 GB SSD,43.94 cm (17.3 inch) Display,Laptop,
Lenovo Ideapad S145 Ryzen 5 Quad Core - (8 GB/1 TB HDD/Windows 10 Home) S145-15API Laptop,AMD Ryzen 5 Quad Core Processor,8 GB DDR4 RAM,64 bit Windows 10 Operating System,1 TB HDD,39.62 cm (15.6 inch) Display,Laptop,
HP ChromeBook Celeron Dual Core - (4 GB/64 GB EMMC Storage/Chrome OS) 14b-ca0015TU Chromebook,Inbuilt Google Assistant,Intel Celeron Dual Core Processor,4 GB DDR4 RAM,Chrome Operating System,35.56 cm (14 inch) Touchscreen Display,Laptop,
HP 14S Core i5 8th Gen - (8 GB/1 TB HDD/Windows 10 Home) cs1000tu Laptop,Intel Core i5 Processor (8th Gen),8 GB DDR4 RAM,64 bit Windows 10 Operating System,1 TB HDD,35.56 cm (14 inch) Display,Laptop,
Asus S530UN Core i7 8th Gen - (8 GB/1 TB HDD/256 GB SSD/Windows 10 Home/4 GB Graphics) S530UN-BQ031T L...,Intel Core i7 Processor (8th Gen),8 GB DDR4 RAM,64 bit Windows 10 Operating System,1 TB HDD|256 GB SSD,39.62 cm (15.6 inch) Display,Laptop,
HP Pavilion 14-ce Core i5 10th Gen - (8 GB/1 TB HDD/256 GB SSD/Windows 10 Home/2 GB Graphics) 14-ce302...,Intel Core i5 Processor (10th Gen),8 GB DDR4 RAM,64 bit Windows 10 Operating System,1 TB HDD|256 GB SSD,35.56 cm (14 inch) Display,Laptop,
Asus Ryzen 5 Quad Core - (4 GB/256 GB SSD/Windows 10 Home) M509DA-EJ561T Laptop,AMD Ryzen 5 Quad Core Processor,4 GB DDR4 RAM,64 bit Windows 10 Operating System,256 GB SSD,39.62 cm (15.6 inch) Display,Laptop,
Lenovo Ideapad 330 Core i5 8th Gen - (8 GB/1 TB HDD/Windows 10 Home/4 GB Graphics/NVIDIA Geforce GTX 1...,Intel Core i5 Processor (8th Gen),8 GB DDR4 RAM,64 bit Windows 10 Operating System,1 TB HDD,39.62 cm (15.6 inch) Display,Laptop,
Avita Liber Core i5 8th Gen - (8 GB/256 GB SSD/Windows 10 Home) NS14A2IN211P Thin and Light Laptop,Intel Core i5 Processor (8th Gen),8 GB DDR4 RAM,64 bit Windows 10 Operating System,256 GB SSD,35.56 cm (14 inch) Display,Laptop,
Lenovo Ideapad S145 APU Dual Core A6 - (4 GB/1 TB HDD/Windows 10 Home) S145-15AST Laptop,AMD APU Dual Core A6 Processor,4 GB DDR4 RAM,64 bit Windows 10 Operating System,1 TB HDD,39.62 cm (15.6 inch) Display,Laptop,
Lenovo Ideapad 330 Celeron Dual Core - (4 GB/1 TB HDD/Windows 10 Home) 330-15IKB Laptop,Intel Celeron Dual Core Processor,4 GB DDR4 RAM,64 bit Windows 10 Operating System,1 TB HDD,39.62 cm (15.6 inch) Display,Laptop,
Asus VivoBook 14 Ryzen 5 Quad Core - (8 GB/1 TB HDD/Windows 10 Home) X412DA-EK140T Thin and Light Lapt...,AMD Ryzen 5 Quad Core Processor,8 GB DDR4 RAM,64 bit Windows 10 Operating System,1 TB HDD,35.56 cm (14 inch) Display,Laptop,
HP ChromeBook Celeron Dual Core - (4 GB/64 GB EMMC Storage/Chrome OS) 12b-ca0006TU Chromebook,Inbuilt Google Assistant,Intel Celeron Dual Core Processor,4 GB DDR4 RAM,Chrome Operating System,30.48 cm (12 inch) Touchscreen Display,Laptop,
Dell Inspiron 5000 Core i5 10th Gen - (8 GB/512 GB SSD/Windows 10 Home/2 GB Graphics) 5593 Laptop,Intel Core i5 Processor (10th Gen),8 GB DDR4 RAM,64 bit Windows 10 Operating System,512 GB SSD,39.62 cm (15.6 inch) Display,Laptop,
Asus ZenBook 13 Core i5 8th Gen - (8 GB/512 GB SSD/Windows 10 Home) UX331FAL-EG003T Thin and Light Lap...,Intel Core i5 Processor (8th Gen),8 GB DDR4 RAM,64 bit Windows 10 Operating System,512 GB SSD,33.78 cm (13.3 inch) Display,Laptop,
Asus Core i3 7th Gen - (4 GB/1 TB HDD/Windows 10 Home) X509UA-EJ342T Laptop,Intel Core i3 Processor (7th Gen),4 GB DDR4 RAM,64 bit Windows 10 Operating System,1 TB HDD,39.62 cm (15.6 inch) Display,Laptop,
Acer Swift 7 Core i5 7th Gen - (8 GB/256 GB SSD/Windows 10 Home) SF713-51 Thin and Light Laptop,Intel Core i5 Processor (7th Gen),8 GB DDR3 RAM,64 bit Windows 10 Operating System,256 GB SSD,33.78 cm (13.3 inch) Display,Laptop,
Dell Inspiron 15 7000 Core i5 8th Gen - (8 GB/1 TB HDD/128 GB SSD/Windows 10 Home/4 GB Graphics) 7570 ...,Intel Core i5 Processor (8th Gen),8 GB DDR4 RAM,64 bit Windows 10 Operating System,1 TB HDD|128 GB SSD,39.62 cm (15.6 inch) Display,Laptop,
Asus ROG Strix Core i7 8th Gen - (8 GB/1 TB HDD/256 GB SSD/Windows 10 Home/4 GB Graphics/NVIDIA Geforc...,Intel Core i7 Processor (8th Gen),8 GB DDR4 RAM,64 bit Windows 10 Operating System,1 TB HDD|256 GB SSD,39.62 cm (15.6 inch) Display,Laptop,
Asus 15.6 Ryzen 3 Dual Core - (4 GB/1 TB HDD/Windows 10 Home) X505ZA-EJ492TX505Z Laptop,AMD Ryzen 3 Dual Core Processor,4 GB DDR4 RAM,64 bit Windows 10 Operating System,1 TB HDD,39.62 cm (15.6 inch) Display,Laptop,
Asus VivoBook 14 Ryzen 5 Quad Core - (4 GB/1 TB HDD/Windows 10 Home) X412DA-EK141T Thin and Light Lapt...,AMD Ryzen 5 Quad Core Processor,4 GB DDR4 RAM,64 bit Windows 10 Operating System,1 TB HDD,35.56 cm (14 inch) Display,Laptop,
Microsoft Surface Go Pentium Gold - (8 GB/128 GB SSD/Windows 10 Home in S Mode) 1824 2 in 1 Laptop,Intel Pentium Gold Processor,8 GB DDR3 RAM,64 bit Windows 10 Operating System,128 GB SSD,25.4 cm (10 inch) Touchscreen Display,Laptop,
Asus VivoBook 14 APU Quad Core A12 - (4 GB/1 TB HDD/Windows 10 Home) X411QA-EK001T Thin and Light Lapt...,AMD APU Quad Core A12 Processor,4 GB DDR4 RAM,64 bit Windows 10 Operating System,1 TB HDD,35.56 cm (14 inch) Display,Laptop,
HP Pavilion x360 Core i5 10th Gen - (8 GB/1 TB HDD/256 GB SSD/Windows 10 Home/2 GB Graphics) 14-dh1025...,Intel Core i5 Processor (10th Gen),8 GB DDR4 RAM,64 bit Windows 10 Operating System,1 TB HDD|256 GB SSD,35.56 cm (14 inch) Touchscreen Display,Laptop,
Lenovo Ideapad 130 APU Dual Core A9 - (4 GB/1 TB HDD/Windows 10 Home/2 GB Graphics) 130-15AST Laptop,AMD APU Dual Core A9 Processor,4 GB DDR4 RAM,64 bit Windows 10 Operating System,1 TB HDD,39.62 cm (15.6 inch) Display,Laptop,
Lenovo Ideapad S145 Pentium Gold - (4 GB/1 TB HDD/Windows 10 Home) S145-15IWL Thin and Light Laptop,Intel Pentium Gold Processor,4 GB DDR4 RAM,64 bit Windows 10 Operating System,1 TB HDD,39.62 cm (15.6 inch) Display,Laptop,
Lenovo Ideapad S540 Core i5 8th Gen - (8 GB/1 TB SSD/Windows 10 Home/2 GB Graphics) S540-15IWL Laptop,Intel Core i5 Processor (8th Gen),8 GB DDR4 RAM,64 bit Windows 10 Operating System,1 TB SSD,39.62 cm (15.6 inch) Display,Laptop,
Dell Inspiron 3000 Ryzen 3 Quad Core - (4 GB/1 TB HDD/Windows 10 Home) 3585 Laptop,AMD Ryzen 3 Quad Core Processor,4 GB DDR4 RAM,64 bit Windows 10 Operating System,1 TB HDD,39.62 cm (15.6 inch) Display,Laptop,
Dell Inspiron 15 5000 Ryzen 3 Dual Core - (4 GB/1 TB HDD/Windows 10 Home) 5575 Laptop,AMD Ryzen 3 Dual Core Processor,4 GB DDR4 RAM,64 bit Windows 10 Operating System,1 TB HDD,39.62 cm (15.6 inch) Display,Laptop,
Asus Core i3 7th Gen - (4 GB/256 GB SSD/Windows 10 Home) X509UA-EJ361T Laptop,Intel Core i3 Processor (7th Gen),4 GB DDR4 RAM,64 bit Windows 10 Operating System,256 GB SSD,39.62 cm (15.6 inch) Display,Laptop,
HP Pavilion x360 Core i7 8th Gen - (12 GB/512 GB SSD/Windows 10 Home/4 GB Graphics) 14-cd0056TX 2 in 1...,Intel Core i7 Processor (8th Gen),12 GB DDR4 RAM,64 bit Windows 10 Operating System,512 GB SSD,35.56 cm (14 inch) Touchscreen Display,Laptop,
HP Pavilion x360 Core i3 8th Gen - (4 GB/1 TB HDD/256 GB SSD/Windows 10 Home/2 GB Graphics) 14-dh0044T...,Intel Core i3 Processor (8th Gen),4 GB DDR4 RAM,64 bit Windows 10 Operating System,1 TB HDD|256 GB SSD,35.56 cm (14 inch) Touchscreen Display,Laptop,
HP Pavilion x360 Core i5 8th Gen - (8 GB/1 TB HDD/8 GB SSD/Windows 10 Home) 14-cd0080TU 2 in 1 Laptop,Intel Core i5 Processor (8th Gen),8 GB DDR4 RAM,64 bit Windows 10 Operating System,1 TB HDD|8 GB SSD,35.56 cm (14 inch) Touchscreen Display,Laptop,
HP Envy 13 Ryzen 5 Quad Core - (8 GB/512 GB SSD/Windows 10 Home) 13-ar0118AU 2 in 1 Laptop,AMD Ryzen 5 Quad Core Processor,8 GB DDR4 RAM,64 bit Windows 10 Operating System,512 GB SSD,33.78 cm (13.3 inch) Touchscreen Display,Laptop,
Apple MacBook Air Core i5 8th Gen - (8 GB/128 GB SSD/Mac OS Mojave) MREA2HN/A,Intel Core i5 Processor (8th Gen),8 GB DDR3 RAM,Mac OS Operating System,128 GB SSD,33.78 cm (13.3 inch) Display,Laptop,
Asus VivoBook Ryzen 5 Quad Core - (8 GB/1 TB HDD/Windows 10 Home) X505ZA-EJ509TX505Z Thin and Light La...,AMD Ryzen 5 Quad Core Processor,8 GB DDR4 RAM,64 bit Windows 10 Operating System,1 TB HDD,39.62 cm (15.6 inch) Display,Laptop,
Lenovo Ideapad 130 APU Dual Core A6 - (4 GB/1 TB HDD/Windows 10 Home) 130-15AST Laptop,AMD APU Dual Core A6 Processor,4 GB DDR4 RAM,64 bit Windows 10 Operating System,1 TB HDD,39.62 cm (15.6 inch) Display,Laptop,
Dell G3 Series Core i7 8th Gen - (8 GB/1 TB HDD/128 GB SSD/Windows 10 Home/4 GB Graphics/NVIDIA Geforc...,Intel Core i7 Processor (8th Gen),8 GB DDR4 RAM,64 bit Windows 10 Operating System,1 TB HDD|128 GB SSD,39.62 cm (15.6 inch) Display,Laptop,
HP Pavilion x360 Core i5 8th Gen - (8 GB + 16 GB Optane/1 TB HDD/Windows 10 Home/2 GB Graphics) 14-cd0...,Intel Core i5 Processor (8th Gen),8 GB DDR4 RAM,64 bit Windows 10 Operating System,1 TB HDD,35.56 cm (14 inch) Touchscreen Display,Laptop,
Avita Liber Core i5 8th Gen - (8 GB/256 GB SSD/Windows 10 Home) NS14A2IN212P Thin and Light Laptop,Intel Core i5 Processor (8th Gen),8 GB DDR4 RAM,64 bit Windows 10 Operating System,256 GB SSD,35.56 cm (14 inch) Display,Laptop,
Dell Inspiron Core i7 6th Gen - (16 GB/2 TB HDD/Windows 10 Home/4 GB Graphics) 5559 Laptop,Intel Core i7 Processor (6th Gen),16 GB DDR3 RAM,64 bit Windows 10 Operating System,2 TB HDD,39.62 cm (15.6 inch) Display,Laptop,
Dell Vostro 15 3000 Core i3 7th Gen - (4 GB/1 TB HDD/Linux) 3568 Laptop,Intel Core i3 Processor (7th Gen),4 GB DDR4 RAM,Linux/Ubuntu Operating System,1 TB HDD,39.62 cm (15.6 inch) Display,Laptop,
Apple MacBook Air Core i5 8th Gen - (8 GB/128 GB SSD/Mac OS Mojave) MREE2HN/A,Intel Core i5 Processor (8th Gen),8 GB DDR3 RAM,Mac OS Operating System,128 GB SSD,33.78 cm (13.3 inch) Display,Laptop,
HP Pavilion Ryzen 7 Quad Core - (8 GB/1 TB HDD/256 GB SSD/Windows 10 Home/4 GB Graphics/NVIDIA Geforce...,AMD Ryzen 7 Quad Core Processor,8 GB DDR4 RAM,64 bit Windows 10 Operating System,1 TB HDD|256 GB SSD,39.62 cm (15.6 inch) Display,Laptop,
Dell G3 15 3000 Series Core i5 8th Gen - (8 GB + 16 GB Optane/1 TB HDD/Windows 10 Home/4 GB Graphics/N...,Intel Core i5 Processor (8th Gen),8 GB DDR4 RAM,64 bit Windows 10 Operating System,1 TB HDD,39.62 cm (15.6 inch) Display,Laptop,
Dell Inspiron 13 7000 Series Core i5 8th Gen - (8 GB/256 GB SSD/Windows 10 Home) insp 7386 2 in 1 Lapt...,Intel Core i5 Processor (8th Gen),8 GB DDR4 RAM,64 bit Windows 10 Operating System,256 GB SSD,33.78 cm (13.3 inch) Touchscreen Display,Laptop,
Asus F560UD Core i5 8th Gen - (8 GB/1 TB HDD/Windows 10 Home/4 GB Graphics/NVIDIA Geforce GTX 1050) F5...,Intel Core i5 Processor (8th Gen),8 GB DDR4 RAM,64 bit Windows 10 Operating System,1 TB HDD,39.62 cm (15.6 inch) Display,Laptop,
Dell Inspiron 15 3000 APU Dual Core A6 7th Gen - (4 GB/1 TB HDD/Windows 10 Home) 3565 Laptop,AMD APU Dual Core A6 Processor (7th Gen),4 GB DDR4 RAM,64 bit Windows 10 Operating System,1 TB HDD,39.62 cm (15.6 inch) Display,Laptop,
Asus ROG Strix Core i7 8th Gen - (16 GB/1 TB HDD/256 GB SSD/Windows 10 Home/4 GB Graphics/NVIDIA Gefor...,Intel Core i7 Processor (8th Gen),16 GB DDR4 RAM,64 bit Windows 10 Operating System,1 TB HDD|256 GB SSD,39.62 cm (15.6 inch) Display,Laptop,
Dell XPS 13 Core i5 7th Gen - (8 GB/256 GB SSD/Windows 10 Home) 9360 Thin and Light Laptop,Intel Core i5 Processor (7th Gen),8 GB DDR3 RAM,64 bit Windows 10 Operating System,256 GB SSD,33.78 cm (13.3 inch) Display,Laptop,
Lenovo Ideapad 330 APU Dual Core A6 7th Gen - (4 GB/1 TB HDD/Windows 10 Home) 81D6002TIN Laptop,Intel APU Dual Core A6 Processor (7th Gen),4 GB DDR4 RAM,64 bit Windows 10 Operating System,1 TB HDD,39.62 cm (15.6 inch) Display,Laptop,
Lenovo Ideapad 330s Core i3 7th Gen - (4 GB/1 TB HDD/Windows 10 Home) 330S-15IKB Thin and Light Laptop,Intel Core i3 Processor (7th Gen),4 GB DDR4 RAM,64 bit Windows 10 Operating System,1 TB HDD,39.62 cm (15.6 inch) Display,Laptop,
Apple MacBook Air Core i5 5th Gen - (8 GB/128 GB SSD/Mac OS Sierra) A1466,Intel Core i5 Processor (5th Gen),8 GB RAM,Mac OS Operating System,128 GB SSD,33.78 cm (13.3 inch) Display,Laptop,
HP 14-CK Series Core i3 7th Gen - (4 GB/1 TB HDD/Windows 10 Home) 14-ck0119TU Laptop,Intel Core i3 Processor (7th Gen),4 GB DDR4 RAM,64 bit Windows 10 Operating System,1 TB HDD,35.56 cm (14 inch) Display,Laptop,
Lenovo Ideapad 330 Core i3 7th Gen - (4 GB/1 TB HDD/Windows 10 Home/2 GB Graphics) Ideapad 330 Laptop,Intel Core i3 Processor (7th Gen),4 GB DDR4 RAM,64 bit Windows 10 Operating System,1 TB HDD,39.62 cm (15.6 inch) Display,Laptop,
HP 14s Core i5 8th Gen - (8 GB/1 TB HDD/256 GB SSD/Windows 10 Home) 14s-cr1005TU Thin and Light Laptop,Intel Core i5 Processor (8th Gen),8 GB DDR4 RAM,64 bit Windows 10 Operating System,1 TB HDD|256 GB SSD,35.56 cm (14 inch) Display,Laptop,
Lenovo Ideapad 520 Core i5 8th Gen - (16 GB/2 TB HDD/Windows 10 Home/4 GB Graphics) 520-15IKB Laptop,Intel Core i5 Processor (8th Gen),16 GB DDR4 RAM,64 bit Windows 10 Operating System,2 TB HDD,39.62 cm (15.6 inch) Display,Laptop,
Asus VivoBook 15 Ryzen 3 Dual Core - (4 GB/1 TB HDD/Windows 10 Home) X505ZA-EJ493TX505ZA Laptop,AMD Ryzen 3 Dual Core Processor,4 GB DDR4 RAM,64 bit Windows 10 Operating System,1 TB HDD,39.62 cm (15.6 inch) Display,Laptop,
HP Pavilion x360 Core i5 8th Gen - (8 GB/1 TB HDD/128 GB SSD/Windows 10 Home) 14-cd0087TU 2 in 1 Lapto...,Intel Core i5 Processor (8th Gen),8 GB DDR4 RAM,64 bit Windows 10 Operating System,1 TB HDD|128 GB SSD,35.56 cm (14 inch) Touchscreen Display,Laptop,
Asus VivoBook S15 Core i7 8th Gen - (8 GB/1 TB HDD/256 GB SSD/Windows 10 Home/2 GB Graphics) S530UN-BQ...,Intel Core i7 Processor (8th Gen),8 GB DDR4 RAM,64 bit Windows 10 Operating System,1 TB HDD|256 GB SSD,39.62 cm (15.6 inch) Display,Laptop,
HP Spectre x360 Core i7 10th Gen - (16 GB + 32 GB Optane/1 TB SSD/Windows 10 Home/2 GB Graphics) 15-DF...,Intel Core i7 Processor (10th Gen),16 GB DDR4 RAM,64 bit Windows 10 Operating System,1 TB SSD,39.62 cm (15.6 inch) Touchscreen Display,Laptop,
HP 250 G7 Core i5 8th Gen - (8 GB/1 TB HDD/DOS/2 GB Graphics) 250 G7 Notebook,AMD Core i5 Processor (8th Gen),8 GB DDR4 RAM,DOS Operating System,1 TB HDD,39.62 cm (15.6 inch) Display,Laptop,
Lenovo Ideapad 330E Core i5 8th Gen - (8 GB/1 TB HDD/DOS/4 GB Graphics) 330-15IKB Laptop,Intel Core i5 Processor (8th Gen),8 GB DDR4 RAM,DOS Operating System,1 TB HDD,39.62 cm (15.6 inch) Display,Laptop,
HP Pavilion Core i7 9th Gen - (12 GB/1 TB HDD/512 GB SSD/Windows 10 Home/4 GB Graphics/NVIDIA Geforce ...,Intel Core i7 Processor (9th Gen),12 GB DDR4 RAM,64 bit Windows 10 Operating System,1 TB HDD|512 GB SSD,39.62 cm (15.6 inch) Display,Laptop,
Asus Vivobook Core i5 8th Gen - (8 GB/1 TB HDD/256 GB SSD/Windows 10 Home/2 GB Graphics) X510UN-EJ460T...,Intel Core i5 Processor (8th Gen),8 GB DDR4 RAM,64 bit Windows 10 Operating System,1 TB HDD|256 GB SSD,39.62 cm (15.6 inch) Display,Laptop,
AGB Orion Core i7 7th Gen - (8 GB/1 TB HDD/512 GB SSD/Windows 10/2 GB Graphics/Intel Integrated Intel ...,Intel Core i7 Processor (7th Gen),8 GB DDR4 RAM,64 bit Windows 10 Operating System,1 TB HDD|512 GB SSD,35.56 cm (14 inch) Display,Laptop,
Lenovo Ideapad 330 Core i3 7th Gen - (4 GB/1 TB HDD/Windows 10 Home) 330-14IKB Laptop,Intel Core i3 Processor (7th Gen),4 GB DDR4 RAM,64 bit Windows 10 Operating System,1 TB HDD,35.56 cm (14 inch) Display,Laptop,
HP Core i5 7th Gen - (4 GB/1 TB HDD/Windows 10 Home) 250 G6 Laptop,Intel Core i5 Processor (7th Gen),4 GB DDR4 RAM,64 bit Windows 10 Operating System,1 TB HDD,39.62 cm (15.6 inch) Display,Laptop,
Lenovo IdeaPad Pentium Quad Core - (4 GB/1 TB HDD/DOS) 110-15IBR Laptop,Intel Pentium Quad Core Processor,4 GB DDR3 RAM,DOS Operating System,1 TB HDD,39.62 cm (15.6 inch) Display,Laptop,
HP 300 Core i3 7th Gen - (4 GB/1 TB HDD/16 GB EMMC Storage/Windows 10 Pro) 348 G4 Laptop,Intel Core i3 Processor (7th Gen),4 GB DDR4 RAM,64 bit Windows 10 Operating System,1 TB HDD,35.56 cm (14 inch) Display,Laptop,
HP 15 Core i3 7th Gen - (4 GB/1 TB HDD/DOS) 15-da0296tu Laptop,Intel Core i3 Processor (7th Gen),4 GB DDR4 RAM,DOS Operating System,1 TB HDD,39.62 cm (15.6 inch) Display,Laptop,
Dell Inspiron 15 5000 Series Core i5 8th Gen - (4 GB + 16 GB Optane/2 TB HDD/Windows 10 Home/2 GB Grap...,Intel Core i5 Processor (8th Gen),4 GB DDR4 RAM,64 bit Windows 10 Operating System,2 TB HDD,39.62 cm (15.6 inch) Display,Laptop,
Lenovo Thinpad E480 Core i3 7th Gen - (4 GB/500 GB HDD/Windows 10 Pro/512 MB Graphics) ThinkPad E480 L...,Intel Core i3 Processor (7th Gen),4 GB DDR4 RAM,64 bit Windows 10 Operating System,500 GB HDD,35.56 cm (14 inch) Display,Laptop,
Dell XPS 13 Core i5 8th Gen - (8 GB/256 GB SSD/Windows 10 Home) 9370 Thin and Light Laptop,Intel Core i5 Processor (8th Gen),8 GB DDR3 RAM,64 bit Windows 10 Operating System,256 GB SSD,33.02 cm (13 inch) Display,Laptop,
Apple MacBook Pro Core i5 8th Gen - (8 GB/256 GB SSD/Mac OS Mojave) MUHP2HN/A,Intel Core i5 Processor (8th Gen),8 GB DDR3 RAM,Mac OS Operating System,256 GB SSD,33.78 cm (13.3 inch) Display,Laptop,
Dell Inspiron 15 5000 Core i5 8th Gen - (8 GB/2 TB HDD/Windows 10 Home/4 GB Graphics) 5570 Laptop,Intel Core i5 Processor (8th Gen),8 GB DDR4 RAM,64 bit Windows 10 Operating System,2 TB HDD,39.62 cm (15.6 inch) Display,Laptop,
HP spectre x360 Core i7 10th Gen - (16 GB + 32 GB Optane/512 GB SSD/Windows 10 Home/2 GB Graphics) 15-...,Intel Core i7 Processor (10th Gen),16 GB DDR4 RAM,64 bit Windows 10 Operating System,512 GB SSD,39.62 cm (15.6 inch) Touchscreen Display,Laptop,
HP 250-G6 Core i5 7th Gen - (4 GB/1 TB HDD/DOS/2 GB Graphics) 2RC10PA Laptop,Intel Core i5 Processor (7th Gen),4 GB DDR4 RAM,DOS Operating System,1 TB HDD,39.62 cm (15.6 inch) Display,Laptop,
HP 250 G7 Core i5 8th Gen - (8 GB/1 TB HDD/Windows 10 Home) 250 G7 Laptop,Intel Core i5 Processor (8th Gen),8 GB DDR4 RAM,64 bit Windows 10 Operating System,1 TB HDD,39.62 cm (15.6 inch) Display,Laptop,
Lenovo IdeaPad 330 Core i5 8th Gen - (8 GB/1 TB HDD/Windows 10) 81DE008PIN Laptop,Intel Core i5 Processor (8th Gen),8 GB DDR4 RAM,64 bit Windows 10 Operating System,1 TB HDD,39.62 cm (15.6 inch) Display,Laptop,
AGB Tiara 2403-R Core i7 7th Gen - (8 GB/1 TB HDD/512 GB SSD/Windows 10/2 GB Graphics) 2403-R Laptop,Intel Core i7 Processor (7th Gen),8 GB DDR4 RAM,64 bit Windows 10 Operating System,1 TB HDD|512 GB SSD,39.62 cm (15.6 inch) Display,Laptop,
HP Spectre X360 Core i7 8th Gen - (16 GB/512 GB SSD/Windows 10 Home) 13-AP0033DX 2 in 1 Laptop,Intel Core i7 Processor (8th Gen),16 GB DDR4 RAM,64 bit Windows 10 Operating System,512 GB SSD,33.78 cm (13.3 inch) Touchscreen Display,Laptop,
HP Spectre x360 Core i5 8th Gen - (8 GB/256 GB SSD/Windows 10 Home) 13-ap0100TU 2 in 1 Laptop,Intel Core i5 Processor (8th Gen),8 GB DDR4 RAM,64 bit Windows 10 Operating System,256 GB SSD,33.78 cm (13.3 inch) Touchscreen Display,Laptop,
AGB Tiara Core i7 7th Gen - (8 GB/500 GB HDD/512 GB SSD/Windows 10/2 GB Graphics) 1709A Laptop,Intel Core i7 Processor (7th Gen),8 GB DDR4 RAM,64 bit Windows 10 Operating System,500 GB HDD|512 GB SSD,39.62 cm (15.6 inch) Display,Laptop,
Lenovo IP330 Core i3 7th Gen - (4 GB/1 TB HDD/Windows 10) Ideapad 330 Laptop,Intel Core i3 Processor (7th Gen),4 GB DDR4 RAM,64 bit Windows 10 Operating System,1 TB HDD,39.62 cm (15.6 inch) Display,Laptop,
HP 15s Ryzen 5 Quad Core - (8 GB/512 GB SSD/Windows 10 Home) 15s-EQ0024au Thin and Light Laptop,AMD Ryzen 5 Quad Core Processor,8 GB DDR4 RAM,64 bit Windows 10 Operating System,512 GB SSD,39.62 cm (15.6 inch) Display,Laptop,
HP 240 G7 Core i3 7th Gen - (4 GB/1 TB HDD/Windows 10 Pro) 8DV28PA Notebook,Intel Core i3 Processor (7th Gen),4 GB DDR4 RAM,64 bit Windows 10 Operating System,1 TB HDD,35.56 cm (14 inch) Display,Laptop,
Lenovo Ideapad 330 Core i7 8th Gen - (8 GB/1 TB HDD/Windows 10 Home/4 GB Graphics) 330-15IKB Laptop,Intel Core i7 Processor (8th Gen),8 GB DDR4 RAM,64 bit Windows 10 Operating System,1 TB HDD,39.62 cm (15.6 inch) Display,Laptop,
AGB Orion Core i7 7th Gen - (16 GB/1 TB HDD/1 TB SSD/Windows 10/2 GB Graphics/Intel Integrated HD620) ...,Intel Core i7 Processor (7th Gen),16 GB DDR4 RAM,64 bit Windows 10 Operating System,1 TB HDD|1 TB SSD,35.56 cm (14 inch) Display,Laptop,
Acer Aspire 3 Thin APU Dual Core A4 - (4 GB/1 TB HDD/256 GB EMMC Storage/Windows 10 Home) A315-22 Lapt...,AMD APU Dual Core A4 Processor,4 GB DDR4 RAM,64 bit Windows 10 Operating System,1 TB HDD,39.62 cm (15.6 inch) Display,Laptop,
Asus Core i5 8th Gen - (8 GB/1 TB HDD/Windows 10 Home) X507UA-EJ456T Laptop,Intel Core i5 Processor (8th Gen),8 GB DDR4 RAM,64 bit Windows 10 Operating System,1 TB HDD,39.62 cm (15.6 inch) Display,Laptop,
Dell Vostro 3000 Core i3 8th Gen - (4 GB/1 TB HDD/Windows 10 Home) 3480 Laptop,Intel Core i3 Processor (8th Gen),4 GB DDR4 RAM,64 bit Windows 10 Operating System,1 TB HDD,35.56 cm (14 inch) Display,Laptop,
Lenovo Ideapad 330s Core i3 8th Gen - (4 GB/256 GB SSD/Windows 10 Home) 330S-14IKB Thin and Light Lapt...,Intel Core i3 Processor (8th Gen),4 GB DDR4 RAM,64 bit Windows 10 Operating System,256 GB SSD,35.56 cm (14 inch) Display,Laptop,
HP 250 G6 Core i3 7th Gen - (4 GB/1 TB HDD/DOS/2 GB Graphics) 250 G6 Business Laptop,Intel Core i3 Processor (7th Gen),4 GB DDR4 RAM,64 bit DOS Operating System,1 TB HDD,39.62 cm (15.6 inch) Display,Laptop,
Lenovo Ideapad 330 Core i5 8th Gen - (8 GB + 16 GB Optane/1 TB HDD/Windows 10 Home/4 GB Graphics/NVIDI...,Intel Core i5 Processor (8th Gen),8 GB DDR4 RAM,64 bit Windows 10 Operating System,1 TB HDD,39.62 cm (15.6 inch) Display,Laptop,
HP PROBOOK Core i3 8th Gen - (4 GB/1 TB HDD/Windows 10 Pro) PROBOOK 440 G6 Business Laptop,Intel Core i3 Processor (8th Gen),4 GB DDR4 RAM,64 bit Windows 10 Operating System,1 TB HDD,35.56 cm (14 inch) Display,Laptop,
Lenovo G50-30 Pentium Quad Core 4th Gen - (4 GB/500 GB HDD/DOS) G50-30 Laptop,Intel Pentium Quad Core Processor (4th Gen),4 GB DDR3 RAM,DOS Operating System,500 GB HDD,39.62 cm (15.6 inch) Display,Laptop,
Lenovo Ideapad 330 Core i3 7th Gen - (4 GB/1 TB HDD/DOS) 330-15IKB Laptop,Intel Core i3 Processor (7th Gen),4 GB DDR4 RAM,DOS Operating System,1 TB HDD,39.62 cm (15.6 inch) Display,Laptop,
Acer Aspire 3 APU Dual Core A4 7th Gen - (4 GB/1 TB HDD/Windows 10 Home) A315-21 Laptop,AMD APU Dual Core A4 Processor (7th Gen),4 GB DDR4 RAM,64 bit Windows 10 Operating System,1 TB HDD,39.62 cm (15.6 inch) Display,Laptop,
Asus VIVOBOOK APU Dual Core E2 - (4 GB/256 GB SSD/Windows 10 Home) E402YA-GA256T Thin and Light Laptop,AMD APU Dual Core E2 Processor,4 GB DDR3 RAM,64 bit Windows 10 Operating System,256 GB SSD,35.56 cm (14 inch) Display,Laptop,
HP 450 G4 Core i3 7th Gen - (4 GB/1 TB HDD/DOS/2 GB Graphics) 440 G5 Laptop,Intel Core i3 Processor (7th Gen),4 GB DDR4 RAM,DOS Operating System,1 TB HDD,39.62 cm (15.6 inch) Display,Laptop,
HP 14q Core i3 7th Gen - (4 GB/256 GB SSD/Windows 10 Home) 14q-cs0019TU Thin and Light Laptop,Intel Core i3 Processor (7th Gen),4 GB DDR4 RAM,64 bit Windows 10 Operating System,256 GB SSD,35.56 cm (14 inch) Display,Laptop,
Lenovo 20LS0002US Core i5 7th Gen - (8 GB/256 GB HDD/8 GB SSD/Windows 10) Thinkpad L480 Laptop,AMD Core i5 Processor (7th Gen),8 GB DDR RAM,Windows 10 Operating System,256 GB HDD|8 GB SSD,35.56 cm (14 inch) Display,Laptop,
Lenovo Ideapad 330 Core i3 6th Gen - (4 GB/1 TB HDD/DOS) 330-15IKB Laptop,Intel Core i3 Processor (6th Gen),4 GB DDR4 RAM,DOS Operating System,1 TB HDD,39.62 cm (15.6 inch) Display,Laptop,
