ProductName,Category
Canon Pixma G 2000 Multi-function Color Printer,Printer and Scanner
Canon G3012 Multi-function Wireless Color Printer,Printer and Scanner
HP LaserJet Pro MFP M126nw Multi-function Wireless Monochrome Printer,Printer and Scanner
HP LaserJet Pro M1136 MFP Multi-function Monochrome Printer,Printer and Scanner
HP DeskJet Ink Advantage Ultra 4729 Multi-function Wireless Color Printer,Printer and Scanner
Canon Pixma Ink Efficient G2010 Multi-function Color Printer,Printer and Scanner
HP DeskJet Ink Advantage 3835 All-in-One Multi-function Wireless Color Printer,Printer and Scanner
HP DeskJet Ink Advantage 2135 All-in-One Printer,Printer and Scanner
Epson L3150 Multi-function Wireless Color Printer,Printer and Scanner
Brother DCP-T510W IND Multi-function Wireless Color Printer,Printer and Scanner
Canon ImageCLASS MF3010 Multi-function Monochrome Printer,Printer and Scanner
Canon E3370 Multi-function Color Printer,Printer and Scanner
HP MFP 136a Multi-function Color Printer,Printer and Scanner
Epson L3110 Multi-function Color Printer,Printer and Scanner
HP MFP 138fnw Multi-function Wireless Color Printer,Printer and Scanner
HP LaserJet M1005 MFP Multi-function Monochrome Printer,Printer and Scanner
HP DeskJet Ink Advantage 3636 All-in-One Printer,Printer and Scanner
HP DeskJet Ink Advantage 2138 Multi-function Color Printer,Printer and Scanner
Epson L4160 Multi-function Wireless Color Printer,Printer and Scanner
HP DeskJet 2131 All-in-One Printer,Printer and Scanner
HP 2623 Multi-function Wireless Color Printer,Printer and Scanner
HP INKTANK WIRELESS 419 Multi-function Wireless Color Printer,Printer and Scanner
HP Jet Pro MFP M30a Multi-function Color Printer,Printer and Scanner
Epson L3156 Multi-function Color Printer,Printer and Scanner
HP InkTank WL 410 Multi-function Wireless Color Printer,Printer and Scanner
HP Inktank 319 all in one Multi-function Color Printer,Printer and Scanner
HP InkTank 310 Multi-function Color Printer,Printer and Scanner
HP M 126 Nw Multi-function Color Printer,Printer and Scanner
Epson M2140 Multi-function Color Printer,Printer and Scanner
Epson L3151 Multi-function Wireless Color Printer,Printer and Scanner
Epson L3100 Multi-function Color Printer,Printer and Scanner
Epson L6170 Multi-function Wireless Color Printer,Printer and Scanner
Brother DCP-L2520D Multi-function Color Printer,Printer and Scanner
Canon TS3370S Multi-function Color Printer,Printer and Scanner
Samsung SCX 3401/XIP Multi-function Monochrome Printer,Printer and Scanner
Canon Pixma E470 Multi-function Wireless Color Printer,Printer and Scanner
HP DeskJet Ink Advantage 2676 Multi-function Wireless Color Printer,Printer and Scanner
Brother DCP-L2541DW Multi-function Wireless Monochrome Printer,Printer and Scanner
Canon PIXMA MG2470 All-in-One Inkjet Printer,Printer and Scanner
Canon E410 Multi-function Color Printer,Printer and Scanner
Canon imageCLASS MF241d Multi-function Color Printer,Printer and Scanner
HP 2675 Multi-function Wireless Color Printer,Printer and Scanner
Canon E560 Multi-function Wireless Color Printer,Printer and Scanner
Epson L6190 Multi-function Wireless Color Printer,Printer and Scanner
Brother DCP-B7500D Duplex Multi-function Color Printer,Printer and Scanner
Samsung Xpress M2060NW SL-M2060NW/XIP Multi-function Color Printer,Printer and Scanner
Canon G2012 Multi-function Color Printer,Printer and Scanner
Epson L6160 Multi-function Wireless Color Printer,Printer and Scanner
Brother MFC-T910DW Multi-function Color Printer,Printer and Scanner
Xerox P 3025 Multi-function Wireless Monochrome Printer,Printer and Scanner
HP inktank wireless 415 All in one Multi-function Color Printer,Printer and Scanner
Epson L4150 Multi-function Wireless Color Printer,Printer and Scanner
"HP LaserJet Pro M1136 MFP Multi-function Printer (Black, Toner Cartridge) Multi-function Wireless Monochrome Printer",Printer and Scanner
HP DeskJet 2132 All-in-One(F5S41D) Multi-function Color Printer,Printer and Scanner
Samsung SL-M2876ND Multi-function Monochrome Printer,Printer and Scanner
"HP MFP 136w Printer,Scan,Copy,Wi-Fi Multi-function Monochrome Printer",Printer and Scanner
Brother DCP-T310 IND Multi-function Color Printer,Printer and Scanner
HP DeskJet InkTank GT 5821 Multi-function Wireless Color Printer,Printer and Scanner
HP MFP 136nw Print Scan Copy Network Wi-fi Multi-function Monochrome Printer,Printer and Scanner
HP 315 Multi-function Color Printer,Printer and Scanner
Epson Eco Tank L3101 All-in-One InkTank Printer (Black) Multi-function Color Printer,Printer and Scanner
Brother DCP-L2520D Multi-function Color Printer,Printer and Scanner
HP DESKJET 2621 AIO Multi-function Color Printer,Printer and Scanner
Brother DCP-L2531DW Multi-function Wireless Color Printer,Printer and Scanner
HP Inktank wireless 415 ALL-IN ONE Multi-function Color Printer,Printer and Scanner
Epson L3156 Multi-function Color Printer,Printer and Scanner
Brother T-310 Multi-function Color Printer,Printer and Scanner
Canon PIXMA MG3070S Multi-function Color Printer,Printer and Scanner
HP InkTank 319 Multi-function Color Printer,Printer and Scanner
Canon G2010 Multi-function Color Printer,Printer and Scanner
Brother DCP-T710W IND Multi-function Wireless Color Printer,Printer and Scanner
Canon ImageClass MF631CN All in One Colour Laser Multi-function Color Printer,Printer and Scanner
Epson M200 Multi Function Printer,Printer and Scanner
"HP Neverstop 1200w Print,Scan,Copy,Wi-Fi Multi-function Monochrome Printer",Printer and Scanner
PANTUM M6502NW Multi-function Printer Multi-function Monochrome Printer,Printer and Scanner
Brother MFC-L2701D Multi-function Color Printer,Printer and Scanner
HP InkTank 315 Multi-function Color Printer,Printer and Scanner
PANTUM M7102DN Multi-function Monochrome Printer,Printer and Scanner
Samsung SL-M2071 Multi-function Monochrome Printer,Printer and Scanner
Epson L565 Multi-function Wireless Color Printer,Printer and Scanner
Canon ImageCLASS MF244dw Multi-function Wireless Color Printer,Printer and Scanner
HP LaserJet Ultra MFP M134a Multi-function Monochrome Printer,Printer and Scanner
Epson EcoTank Monochrome M2140 All-in-One Duplex InkTank Multi-function Color Printer,Printer and Scanner
HP LaserJet Pro MFP M132a Multi-function Monochrome Printer,Printer and Scanner
HP 419 Multi-function Color Printer,Printer and Scanner
Brother MFC-L5900DW Multi-function Color Printer,Printer and Scanner
"HP DeskJet 2131 All-in-One Printer (White, Ink Cartridge) Multi-function Wireless Monochrome Printer",Printer and Scanner
Brother DCP- B7535 DW Wireless Multi functional with two slided printing Multi-function Color Printer,Printer and Scanner
Samsung ProXpress SL-M3320ND Monochrome Printer Multi-function Monochrome Printer,Printer and Scanner
Canon E510 Multi-function Color Printer,Printer and Scanner
PANTUM M6502NW Multi-function Monochrome Printer,Printer and Scanner
HP LaserJet Pro MFP M128fw Multi-function Monochrome Printer,Printer and Scanner
Panasonic KX FP701CX Fax Machine Multi-function Monochrome Printer,Printer and Scanner
Epson L220 Multi-function Inkjet Printer,Printer and Scanner
Brother HL-L2321D Single-Function Monochrome Laser Printer Multi-function Color Printer,Printer and Scanner
PANTUM M6502NW Laser MFP (Black and White) Multi-function Monochrome Printer,Printer and Scanner
Canon E480 Multi-function Color Printer,Printer and Scanner
Epson Color InkTank Printer Multi-function Color Printer,Printer and Scanner
Epson EcoTank L5190 Wi-Fi Multifunction InkTank Printer with ADF Multi-function Color Printer,Printer and Scanner
RICHO C2000 Colour A3 MFP with ARD Multi-function Wireless Color Printer,Printer and Scanner
Canon PIXMA E417 Multi-function Color Printer,Printer and Scanner
Samsung SL-M2060W/XIP Multi-function Wireless Monochrome Printer,Printer and Scanner
HP INKTANK WIRELESS 419 Multi-function Color Printer,Printer and Scanner
HP Z6Z13A Multi-function Color Printer,Printer and Scanner
Canon MG2570S Multi-function Color Printer,Printer and Scanner
pantum M6550N Multi-function Monochrome Printer,Printer and Scanner
HP Officejet Pro 8026 Multi-function Color Printer,Printer and Scanner
HP M226DW Multi-function Color Printer,Printer and Scanner
Canon LBP 151DW Multi-function Color Printer,Printer and Scanner
HP OfficeJet Pro 9020 Multi-function Color Printer,Printer and Scanner
HP Officejet Pro 9010 Multi-function Color Printer,Printer and Scanner
Brother Inktank Refill System (Black) Multi-function Color Printer,Printer and Scanner
HP MFP 1200A Multi-function Wireless Color Printer,Printer and Scanner
Canon Pixma InkTank G 3000 Multi-function Wireless Color Printer,Printer and Scanner
Epson L3115 Multifunction InkTank Printer Multi-function Color Printer,Printer and Scanner
RICHO Ricoh IM C2500 Colour A3 MFP with ARDF Multi-function Wireless Color Printer,Printer and Scanner
HP M181FW Multi-function Color Printer,Printer and Scanner
HP 530 Multi-function Wireless Monochrome Printer,Printer and Scanner
HP DeskJet Ink Advantage 4535 All-in-One Multi-function Wireless Color Printer,Printer and Scanner
HP Deskjet Ink Advantage 1515 All-in-One Printer,Printer and Scanner
HP OfficeJet 7612 Multi-function Color Printer,Printer and Scanner
Epson EPSON_M205_PRINTER Multi-function Wireless Color Printer,Printer and Scanner
Epson PLQ-30_Passbook_Printer Multi-function Color Printer,Printer and Scanner
RICHO MP 2014ADN MONO A3 MFP with DDST Unit type M16 Multi-function Wireless Monochrome Printer,Printer and Scanner
HP 530 Multi-function Wireless Monochrome Printer,Printer and Scanner
HP 0aMulti-functionPrinter(White) Multi-function Color Printer,Printer and Scanner
HP LaserJet Pro M403dn with Auto-Duplex & Network Multi-function Color Printer,Printer and Scanner
HP Desk Jets G5J38A B1H Multi-function Color Printer,Printer and Scanner
RICHO IM 2702 MONO A3 MFP Multi-function Wireless Monochrome Printer,Printer and Scanner
HP 319 Multi-function Color Printer,Printer and Scanner
HP LaserJet Enterprise M506dn Multi-function Color Printer,Printer and Scanner
HP 5085 Multi-function Color Printer,Printer and Scanner
HP InkTank 319 Multi-function Color Printer,Printer and Scanner
Epson L1455 Multi-function Color Printer,Printer and Scanner
Goodluck ID Card Printer 001 Multi-function Color Printer,Printer and Scanner
Canon Pixma G4010 All in One Inkjet Printer Multi-function Wireless Color Printer,Printer and Scanner
"HP MFP 138fnw Multi-function Wireless Printer (White, Grey) Multi-function Wireless Monochrome Printer",Printer and Scanner
HP M134A Multi-function Color Printer,Printer and Scanner
Epson Â L1455 Multi-function Color Printer,Printer and Scanner
HP Laser-jet 1005 MFP Multi-function Monochrome Printer,Printer and Scanner
HP 3636 Multi-function Wireless Color Printer,Printer and Scanner
Canon Pixma G3010 Multi-function Color Printer,Printer and Scanner
Canon Pixma G4010N Multi-function Color Printer,Printer and Scanner
HP 2622 Multi-function Wireless Color Printer,Printer and Scanner
Canon Pixma G2000N Multi-function Color Printer,Printer and Scanner
kantado LaserJet M1005 MFP Multi-function Monochrome Printer Multi-function Monochrome Printer,Printer and Scanner
Ricoh SP 210SU Multi-function Monochrome Printer,Printer and Scanner
HP Neverstop Laser MFP 1200a Multi-function Color Printer,Printer and Scanner
HP M134A Multi-function Printer (White) Multi-function Wireless Monochrome Printer,Printer and Scanner
"HP LaserJet Pro MFP M126nw Multi-function Wireless Printer (Black, Toner Cartridge) Multi-function Wireless Monochrome Printer",Printer and Scanner
Canon Pixma G3000N Multi-function Color Printer,Printer and Scanner
Goodluck ID Card Printer 003 Multi-function Color Printer,Printer and Scanner
Goodluck ID Card Printer 012 Multi-function Color Printer,Printer and Scanner
Goodluck ID Card Printer 009 Multi-function Color Printer,Printer and Scanner
Goodluck ID Card Printer 013 Multi-function Color Printer,Printer and Scanner
Epson L-810 Multi-function Color Printer,Printer and Scanner
Goodluck ID Card Printer 014 Multi-function Color Printer,Printer and Scanner
Goodluck ID Card Printer 007 Multi-function Color Printer,Printer and Scanner
Goodluck ID Card Printer 006 Multi-function Color Printer,Printer and Scanner
Goodluck ID Card Printer 015 Multi-function Color Printer,Printer and Scanner
Goodluck ID Card Printer 006 Multi-function Color Printer,Printer and Scanner
Goodluck ID Card Printer 015 Multi-function Color Printer,Printer and Scanner
Goodluck ID Card Printer 010 Multi-function Color Printer,Printer and Scanner
Goodluck ID Card Printer 008 Multi-function Color Printer,Printer and Scanner
Goodluck ID Card Printer 002 Multi-function Color Printer,Printer and Scanner
Goodluck ID Card Printer 011 Multi-function Color Printer,Printer and Scanner
Goodluck ID Card Printer 005 Multi-function Color Printer,Printer and Scanner
"HP DeskJet Ink Advantage 3835 All-in-One Multi-function Wireless Printer (Black, Ink Cartridge) Multi-function Wireless Monochrome Printer",Printer and Scanner
HP LaserJet Multifuction Printer Multi-function Color Printer,Printer and Scanner
Canon MFP 3010G Multi-function Color Printer,Printer and Scanner
"HP 2623 Multi-function Wireless Printer (White, Green, Ink Cartridge) Multi-function Wireless Monochrome Printer",Printer and Scanner
Canon Pixma G3012 Multi-function Color Printer,Printer and Scanner
"HP INKTANK WIRELESS 419 Multi-function Wireless Printer (Blue, Black, Refillable Ink Tank) Multi-function Wireless Monochrome Printer",Printer and Scanner
HP GT5811 Multi-function Color Printer,Printer and Scanner
"HP LaserJet M1005 MFP Multi-function Printer (White, Black, Toner Cartridge) Multi-function Wireless Monochrome Printer",Printer and Scanner
HP M427DW Multi-function Color Printer,Printer and Scanner
WOL3D yue9812 Multi-function Color Printer,Printer and Scanner
Epson M205 Multi-function Wireless Monochrome Printer,Printer and Scanner
Marvel MX02 Multi-function Color Printer,Printer and Scanner
HP Color Laserjet Pro M181FW Network and Wireless Printer Multi-function Color Printer,Printer and Scanner
Flashforge Creator Pro Dual Extrusion 3D Printer Multi-function Color Printer,Printer and Scanner
"HP DeskJet Ink Advantage 2138 Multi-function Printer (White,1 Ink Cartridge) Multi-function Wireless Monochrome Printer",Printer and Scanner
Epson InkTank M200 Multi-function Monochrome Printer,Printer and Scanner
HP Deskjest Ink Advantage 5075 Multi-function Wireless Color Printer,Printer and Scanner
Canon Pixma E3177 Multi-function Wireless Color Printer,Printer and Scanner
Canon PIXMA MG3670 Multi-function Wireless Color Printer,Printer and Scanner
Canon Pixma MG3670 Multi-function Wireless Color Printer,Printer and Scanner
Samsung 2876ND Multi-function Monochrome Printer,Printer and Scanner
Canon E4270 All-in-One Ink Efficient WiFi Printer with FAX Multi-function Color Printer,Printer and Scanner
HP DeskJet Ink Advantage 5275 Multi-function Wireless Color Printer,Printer and Scanner
"HP Laser MFP 136a Print,Scan,Copy Multi-function Monochrome Printer",Printer and Scanner
"Canon MF249DW All in One Laser Printer Duplex WiFi, FAX, ADF Multi-function Color Printer",Printer and Scanner
Samsung M2875DW Multi-function Color Printer,Printer and Scanner
Canon E 560 Multi-function Color Printer,Printer and Scanner
HP DeskJet Ink Advantage 3776 (Wireless) Multi-function Wireless Color Printer,Printer and Scanner
HP 5085 Aio Multi-function Wireless Color Printer,Printer and Scanner
HP MFP 136w Multi-function Color Printer,Printer and Scanner
Epson EcoTank L5190 Wi-Fi Multi-function Color Printer,Printer and Scanner
Canon imageCLASS MF232w Multi-function Wireless Color Printer,Printer and Scanner
HP LaserJet Pro MFP M128fn Printer Multi-function Color Printer,Printer and Scanner
Canon 244DW Multi-function Color Printer,Printer and Scanner
Canon Maxify MB5170 Multi-function Color Printer,Printer and Scanner
HP LaserJet Pro MFP M132fn Multi-function Monochrome Printer,Printer and Scanner
HP LaserJet Pro MFP M132snw (G3Q68A) Multi-function Wireless Color Printer,Printer and Scanner
Epson L810 InkTank Multi-function Color Printer,Printer and Scanner
HP Laserjet M1005 Multi-function Color Printer,Printer and Scanner
PRASH SP 210 Toner Cartridge Compatible For Ricoh SP 210 Toner Cartridge For Use In Ricoh SP 210SU Multi-function Printer Single Color Toner (Black) Multi-function Printer Multi-function Monochrome Printer,Printer and Scanner
Canon G3012 All in One Printer Multi-function Color Printer,Printer and Scanner
Samsung SCX 4321 Multi-function Monochrome Printer,Printer and Scanner