Brand,Series,Category
Aruba,ARUBA 550 SERIES,switches and routers
Aruba,ARUBA 530 SERIES,switches and routers
Aruba,ARUBA 510 SERIES,switches and routers
Aruba,ARUBA 500 SERIES,switches and routers
Aruba,ARUBA 340 SERIES,switches and routers
Aruba,ARUBA 330 SERIES,switches and routers
Aruba,ARUBA 320 SERIES,switches and routers
Aruba,ARUBA 310 SERIES,switches and routers
Aruba,ARUBA 303 SERIES,switches and routers
Aruba,ARUBA 300 SERIES,switches and routers
Aruba,ARUBA 207 SERIES,switches and routers
Aruba,ARUBA 318 SERIES,switches and routers
Aruba,ARUBA 228 SERIES,switches and routers
Aruba,ARUBA 370 SERIES,switches and routers
Aruba,ARUBA 360 SERIES,switches and routers
Aruba,ARUBA 270 SERIES,switches and routers
Aruba,"ARUBA 370EX
SERIES",switches and routers
Aruba,"ARUBA 303H
SERIES",switches and routers
Aruba,"ARUBA 203H
SERIES",switches and routers
Aruba,"ARUBA 203R
SERIES",switches and routers
Aruba,"ARUBA 501
WIRELESS CLIENT BRIDGE",switches and routers
Aruba,ARUBA CX 8400 SWITCH SERIES,switches and routers
Aruba,ARUBA CX 8325 SWITCH SERIES,switches and routers
Aruba,ARUBA CX 8320 SWITCH SERIES,switches and routers
Aruba,ARUBA CX 6400 SWITCH SERIES,switches and routers
Aruba,ARUBA CX 6300 SWITCH SERIES,switches and routers
Aruba,"ARUBA 5400R ZL2
SWITCH SERIES",switches and routers
Aruba,"ARUBA 3810
SWITCH SERIES",switches and routers
Aruba,"ARUBA 2930M
SWITCH SERIES",switches and routers
Aruba,"ARUBA 2930F
SWITCH SERIES",switches and routers
Aruba,"ARUBA 2540
SWITCH SERIES",switches and routers
Aruba,"ARUBA 2530
SWITCH SERIES",switches and routers
Aruba,ARUBA 9004 SERIES,switches and routers
Aruba,"ARUBA 7200
SERIES",switches and routers
Aruba,"ARUBA 7000
SERIES",switches and routers
Aruba,ARUBA INSTANT ON AP11,switches and routers
Aruba,ARUBA INSTANT ON AP11D,switches and routers
Aruba,ARUBA INSTANT ON AP12,switches and routers
Aruba,ARUBA INSTANT ON AP15,switches and routers
Aruba,ARUBA INSTANT ON AP17,switches and routers
Cisco,350 Series Adapter,switches and routers
Cisco,350 Series Bridge,switches and routers
Cisco,350 Series Access Point,switches and routers
Cisco,350 Series Power,switches and routers
Cisco,340 Series Access Point,switches and routers
Cisco,340 Series Access Point Accessory,switches and routers
Cisco,340 Series Access Point Power,switches and routers
Cisco,340 Series Workgroup Bridge and Base Station Power,switches and routers
Cisco,340 Series Bridge,switches and routers
Cisco,340 Series Bridge Power,switches and routers
Cisco,340 Series Bridge Accessory,switches and routers
Cisco,4800 Series Access Point,switches and routers
Cisco,4800 Series Adapter,switches and routers
Cisco,Cisco VPN 5000 Concentrator,switches and routers
Cisco,Cisco VPN 5000 Encryption Service Processor (ESP),switches and routers
Cisco,Cisco VPN 5000 Series Power Supply Spares and Options,switches and routers
Cisco,Cisco VPN 5000 Series Software Spares and Options,switches and routers
Cisco,Cisco VPN 3000 Series Products,switches and routers
Cisco,CVPN 3002 Series Products,switches and routers
Cisco,CVPN 3005 Series Products,switches and routers
Cisco,CVPN 3015 Series Products,switches and routers
Cisco,CVPN 3030 Series Products,switches and routers
Cisco,CVPN 3060 Series Products,switches and routers
Cisco,CVPN 3000CMN Products,switches and routers
Cisco,CVPN 3000 Series Accessories,switches and routers
Cisco,CVPN 3000 Client Software,switches and routers
Cisco,CVPN 3000 Software Relicensing for Used Equipment,switches and routers
Cisco,Catalyst 6000,switches and routers
Cisco,Catalyst 6xxx - Base Configuration,switches and routers
Cisco,Catalyst 6xxx Supervisor Engines,switches and routers
Cisco,Catalyst 6xxx Modules,switches and routers
Cisco,Catalyst 6xxx Memory Options,switches and routers
Cisco,Catalyst 6xxx Spares and Accessories,switches and routers
Cisco,Catalyst 6xxx Licenses,switches and routers
Cisco,Cisco AS5300 Access Server & AS5300/Voice Gateway,switches and routers
Cisco,"AS5300 Modem Bundles (Need to order Chassis, IOS,MMTL, etc.)",switches and routers
Cisco,"AS5300 Voice Bundles (Need to order Chassis,Voice IOS, etc.)",switches and routers
Cisco,"AS5300/Voice Gateway Systems (Inc.Chassis,Voice Cards, IOS.)",switches and routers
Cisco,Cisco AS5300 Memory Options & Spares,switches and routers
Cisco,Cisco AS5300 Series Cables,switches and routers
Cisco,Catalyst 5000,switches and routers
Cisco,Catalyst 5000 - Base Configuration,switches and routers
Cisco,Catalyst 5500 - Base Configuration,switches and routers
Cisco,Catalyst 5505 - Base Configuration,switches and routers
Cisco,Catalyst 5509 - Base Configuration,switches and routers
Cisco,Catalyst 5000 Supervisor Modules,switches and routers
Cisco,Catalyst 5000 Supervisor III Uplink Module Options,switches and routers
Cisco,Catalyst 5000 Supervisor III Flash Memory Options,switches and routers
Cisco,Modules for the Catalyst 5000,switches and routers
Cisco,Cables for the Catalyst 5000 TR Switch Module,switches and routers
Cisco,Catalyst 5000 Route Switch Module (RSM),switches and routers
Cisco,Catalyst 5000 Route Switch Module Cables,switches and routers
Cisco,Catalyst 5000 Route Switch Module Memory Options,switches and routers
Cisco,Cisco Access Server 2500 Series Product,switches and routers
Cisco,Cisco Access Server (2509-2512) Series Products,switches and routers
Cisco,Cisco Access Server (2509 - 2512) Memory Options,switches and routers
Cisco,Cisco Access Server (2509 - 2512)Cable Accessories,switches and routers
Cisco,Cisco Access Server (2509 - 2512)Options and Cables,switches and routers
Cisco,CiscoSecure ACS,switches and routers
Cisco,Cisco 4000 Series Products,switches and routers
Cisco,Cisco 4000 Serial Transition Cables for NP-4T and NP-2T16S,switches and routers
MFG,MODEL,switches and routers
Cisco,Cisco 4000 Series Octal Cables for NP-2T16S,switches and routers
Cisco,"Cisco 4000 Series Cables for NP-CE1B, CE1U and CT1",switches and routers
Cisco,Cisco 4000 Series Cables for NP-4GB and NP-4GU,switches and routers
Cisco,Cisco 4000 Series ATM Cables,switches and routers
Cisco,Cisco 4000 Series Serial Interface Cables,switches and routers
Cisco,Catalyst 4200,switches and routers
Cisco,Catalyst 4224,switches and routers
Cisco,Catalyst 4224 Supported Voice Interface Cards,switches and routers
Cisco,Catalyst 4224 Supported Multiflex Voice / WAN interface Card,switches and routers
Cisco,Catalyst 4224 Supported WAN Interface Cards,switches and routers
Cisco,Catalyst 4000,switches and routers
Cisco,Catalyst 4000 - Base Configuration,switches and routers
Cisco,Catalyst 4000 Modules,switches and routers
Cisco,Catalyst 4000 Memory Options,switches and routers
Cisco,Cisco 3600 Series Products,switches and routers
Cisco,Cisco 3660 Series Data Compression AIM for the 3660,switches and routers
Cisco,Advanced Integration Module (AIM) for the Cisco 3660 Series,switches and routers
Cisco,Cisco 3600 Series Bundles,switches and routers
Cisco,Cisco 3600 Series VPN Bundles,switches and routers
Cisco,Cisco 3600 Series Network Modules,switches and routers
Cisco,Cisco 3600 Series Expansion Modules,switches and routers
Cisco,Cisco 3600 Series Voice Interface Cards,switches and routers
Cisco,Cisco 3600 Series WAN Interface Cards,switches and routers
Cisco,Cisco 3600 Series Memory Options,switches and routers
Cisco,MIX card for Cisco 3660 Series Routers,switches and routers
Cisco,Cisco 3600 Series Options & Spares,switches and routers
Cisco,Cisco 3600 Series Cables,switches and routers
Cisco,Cables for WIC-2T and 2A/S,switches and routers
Cisco,Catalyst 3500 XL Series,switches and routers
Cisco,Catalyst 3500 Series XL Workgroup Switches,switches and routers
Cisco,Cables for the Catalyst 3500 XL,switches and routers
Cisco,GBICs for the Catalyst 3500 XL,switches and routers
Cisco,Accessories for the Catalyst 3500 XL,switches and routers
Cisco,RPS for the Catalyst 3500 XL,switches and routers
Cisco,Catalyst 3550 Series,switches and routers
Cisco,Catalyst 3550 Series Workgroup Switches,switches and routers
Cisco,GBICs for the Catalyst 3550,switches and routers
Cisco,Cables for the Catalyst 3550,switches and routers
Cisco,RPS for the Catalyst 3550,switches and routers
Cisco,Spare Rack Mount Kits for the Catalyst 3550,switches and routers
Cisco,Catalyst 2950,switches and routers
Cisco,Catalyst 2950 Workgroup Switches,switches and routers
Cisco,GBICs for the Catalyst 2950,switches and routers
Cisco,Cables for the Catalyst 2950,switches and routers
Cisco,RPS for the Catalyst 2950,switches and routers
Cisco,Catalyst 2900,switches and routers
Cisco,Catalyst 2900 Workgroup Switches,switches and routers
Cisco,Modules for the Catalyst 2900,switches and routers
Cisco,Catalyst 2900 XL Workgroup Switches,switches and routers
Cisco,Modules for the Catalyst 2900 XL,switches and routers
Cisco,Catalyst 2900 LRE,switches and routers
Cisco,Catalyst 2900 LRE Switches,switches and routers
Cisco,CPEs for LRE,switches and routers
Cisco,POTS Splitter for LRE,switches and routers
Cisco,Cables for Catalyst 2900 LRE,switches and routers
Cisco,Catalyst 2820,switches and routers
Cisco,Catalyst 2820 Workgroup Switches,switches and routers
Cisco,Modules for the Catalyst 2820,switches and routers
Cisco,Cisco 2600 Series Products,switches and routers
Cisco,Cisco 2600 Series Supported Network Modules,switches and routers
Cisco,Cisco 2600 Voice/Fax Network Modules,switches and routers
Cisco,Cisco 2600 Voice/Fax Interface Card for Voice/Fax Modules,switches and routers
Cisco,Cisco 2600 Multiflex Voice / WAN interface Cards,switches and routers
Cisco,Cisco 2600 Series Supported WAN Interface Cards,switches and routers
Cisco,WAN Interface Cards for the Cisco 2600,switches and routers
Cisco,Advanced Integration Module (AIM) for the Cisco 2600 Series,switches and routers
Cisco,"Cables for NM-4A/S, NM-8A/S and WIC-1T",switches and routers
Cisco,"Cisco 2600 Series Cables for NM-16A, and NM-32A",switches and routers
Cisco,Cables for the 1/2 port PRI Network Modules,switches and routers
Cisco,Cables color coded for LAN and WAN connections,switches and routers
Cisco,Cables for WIC-2T and 2A/S,switches and routers
Cisco,Cisco 2600 Series VPN Bundles,switches and routers
Cisco,Cisco 2600 LAT Terminal Licenses,switches and routers
Cisco,Cisco 2600 Series Factory DRAM Memory Upgrades,switches and routers
Cisco,Cisco 2600 Series Factory Flash Memory Upgrades,switches and routers
Cisco,Cisco 2600 Series Memory Spares,switches and routers
Cisco,Cisco 2600 Series Spares - Power Supplies and Other,switches and routers
Cisco,Cisco 2500 Series Products,switches and routers
Cisco,Cisco 2500 Routers with IP Software,switches and routers
Cisco,"Cisco 2500 Series (all but 2517, 2518, 2519) Memory Options",switches and routers
Cisco,Cisco 2500 Series Memory Options,switches and routers
Cisco,Cisco 2500 Series Options and Accessories,switches and routers
Cisco,Cisco 2500 Series Power Supply Options,switches and routers
Cisco,Catalyst 1900,switches and routers
Cisco,Catalyst 1900 Workgroup Switches,switches and routers
Cisco,Cisco 1700 Series Modular Access Routers,switches and routers
Cisco,Cisco 1700 Series WAN Interface Cards,switches and routers
Cisco,Cisco 175X Voice/Fax Interface Cards,switches and routers
Cisco,Cisco 1700 Series Memory Options,switches and routers
Cisco,Cables for WIC-2T and WIC-2A/S *,switches and routers
Cisco,Cables for WIC-1T,switches and routers
Cisco,Cables Color Coded for LAN and WAN Connections,switches and routers
Cisco,Cisco 1700 Series Spares and Accessories,switches and routers
Cisco,Cisco 1600 Series Products,switches and routers
Cisco,New Cisco 1600 R Routers with IP Software,switches and routers
Cisco,Cisco 1600 R Memory Options:,switches and routers
Cisco,Cisco 1600 Routers Memory Options:,switches and routers
Cisco,Cisco 1600 Options and Cables - All Models,switches and routers
Cisco,Cisco 1600 Cables - Model 1601 and Serial WAN Interface Card,switches and routers
Cisco,Cisco 1500 Series Products,switches and routers
Cisco,Cisco 800 Series Products,switches and routers
Cisco,Cisco 800 Series Memory Options,switches and routers
Cisco,Cisco 800 Series Cables,switches and routers
Cisco,FastHub 400,switches and routers
Cisco,FastHub 400 Series Repeaters & Modules,switches and routers